video_id,glosa,tiempo_inicio,tiempo_fin,duracion_seg_etiqueta,confianza,fuente,video_path,archivo_existe,fps,keypoints_validos,mano_dominante,blur_score,velocidad_media,herramienta
20250407114253_cfr,ABAJO,1.652,2.986,1.334,0.792,auto,C:\Users\dell\Documents\TIC\Codigo_TIC\videos\ABAJO\20250407114253_cfr.mp4,True,59.94,1.0,derecha,30.53,0.01146,label_studio
20250407114304_cfr,ABAJO,0.45,1.985,1.535,0.539,auto,C:\Users\dell\Documents\TIC\Codigo_TIC\videos\ABAJO\20250407114304_cfr.mp4,True,59.94,1.0,derecha,30.59,0.0093,label_studio
20250407114253-_cfr,ABAJO_2,1.618,2.986,1.368,0.747,auto,C:\Users\dell\Documents\TIC\Codigo_TIC\videos\ABAJO_2\20250407114253-_cfr.mp4,True,59.94,1.0,derecha,24.46,0.01204,label_studio
20250407114304_cfr,ABAJO_2,0.0,1.985,1.985,0.392,auto,C:\Users\dell\Documents\TIC\Codigo_TIC\videos\ABAJO_2\20250407114304_cfr.mp4,True,59.94,1.0,derecha,26.0,0.00698,label_studio
20250407114411_cfr,ABAJO_2,0.0,3.487,3.487,0.361,auto,C:\Users\dell\Documents\TIC\Codigo_TIC\videos\ABAJO_2\20250407114411_cfr.mp4,True,59.94,1.0,ambas_der,27.78,0.01103,label_studio
20250407114433_cfr,ABAJO_2,0.868,2.736,1.868,0.676,auto,C:\Users\dell\Documents\TIC\Codigo_TIC\videos\ABAJO_2\20250407114433_cfr.mp4,True,59.94,1.0,derecha,26.17,0.01215,label_studio
20250407114647_cfr,ABANDONAR,0.617,1.985,1.368,0.773,auto,C:\Users\dell\Documents\TIC\Codigo_TIC\videos\ABANDONAR\20250407114647_cfr.mp4,True,59.94,1.0,ambas_der,23.18,0.01641,label_studio
20250407114703_cfr,ABANDONAR,0.434,1.485,1.051,0.542,auto,C:\Users\dell\Documents\TIC\Codigo_TIC\videos\ABANDONAR\20250407114703_cfr.mp4,True,59.94,1.0,ambas_der,24.21,0.0162,label_studio
20250407114544_cfr,ABRIGO,0.0,1.985,1.985,0.588,auto,C:\Users\dell\Documents\TIC\Codigo_TIC\videos\ABRIGO\20250407114544_cfr.mp4,True,59.94,1.0,ambas_der,21.39,0.01191,label_studio
20250407114606_cfr,ABRIGO,0.0,1.985,1.985,0.509,auto,C:\Users\dell\Documents\TIC\Codigo_TIC\videos\ABRIGO\20250407114606_cfr.mp4,True,59.94,1.0,ambas_der,19.53,0.00928,label_studio
20250407114726_cfr,ABUELA,0.434,1.852,1.418,0.487,auto,C:\Users\dell\Documents\TIC\Codigo_TIC\videos\ABUELA\20250407114726_cfr.mp4,True,59.94,1.0,derecha,28.23,0.01153,label_studio
20250407114808_cfr,ABURRIR,0.0,1.785,1.785,0.437,auto,C:\Users\dell\Documents\TIC\Codigo_TIC\videos\ABURRIR\20250407114808_cfr.mp4,True,59.94,1.0,derecha,27.59,0.0068,label_studio
20250407114819_cfr,ABURRIR,0.551,1.502,0.951,0.84,auto,C:\Users\dell\Documents\TIC\Codigo_TIC\videos\ABURRIR\20250407114819_cfr.mp4,True,59.94,1.0,derecha,28.23,0.00966,label_studio
20250407114845_cfr,ABURRIR,0.417,1.335,0.918,0.75,auto,C:\Users\dell\Documents\TIC\Codigo_TIC\videos\ABURRIR\20250407114845_cfr.mp4,True,59.94,1.0,derecha,22.76,0.01079,label_studio
20250402100954_cfr,ACCIDENTE,0.0,1.702,1.702,0.531,auto,C:\Users\dell\Documents\TIC\Codigo_TIC\videos\ACCIDENTE\20250402100954_cfr.mp4,True,59.94,1.0,ambas_izq,19.13,0.00851,label_studio
20250402101030_cfr,ACCIDENTE,0.0,1.318,1.318,0.605,auto,C:\Users\dell\Documents\TIC\Codigo_TIC\videos\ACCIDENTE\20250402101030_cfr.mp4,True,59.94,1.0,ambas_der,18.62,0.0099,label_studio
20250402101047_cfr,ACCIDENTE,0.0,1.351,1.351,0.59,auto,C:\Users\dell\Documents\TIC\Codigo_TIC\videos\ACCIDENTE\20250402101047_cfr.mp4,True,59.94,1.0,ambas_der,19.13,0.00836,label_studio
20250402101151_cfr,ACCIDENTE,0.0,1.435,1.435,0.627,auto,C:\Users\dell\Documents\TIC\Codigo_TIC\videos\ACCIDENTE\20250402101151_cfr.mp4,True,59.94,1.0,derecha,17.99,0.00916,label_studio
C0322_cfr,ACOMODAR,0.133,2.97,2.837,0.488,auto,C:\Users\dell\Documents\TIC\Codigo_TIC\videos\ACOMODAR\C0322_cfr.mp4,True,29.97,1.0,ambas_izq,19.21,0.01111,label_studio
C0324_cfr,ACOMODAR,0.367,2.469,2.102,0.683,auto,C:\Users\dell\Documents\TIC\Codigo_TIC\videos\ACOMODAR\C0324_cfr.mp4,True,29.97,1.0,ambas_izq,17.46,0.01682,label_studio
C0325_cfr,ACOMODAR,0.3,2.469,2.169,0.617,auto,C:\Users\dell\Documents\TIC\Codigo_TIC\videos\ACOMODAR\C0325_cfr.mp4,True,29.97,1.0,ambas_izq,16.94,0.01396,label_studio
C0326_cfr,ACOMODAR,0.067,2.469,2.402,0.71,auto,C:\Users\dell\Documents\TIC\Codigo_TIC\videos\ACOMODAR\C0326_cfr.mp4,True,29.97,1.0,ambas_izq,18.69,0.01497,label_studio
20250407115659_cfr,ACOSTARSE,0.0,1.602,1.602,0.402,auto,C:\Users\dell\Documents\TIC\Codigo_TIC\videos\ACOSTARSE\20250407115659_cfr.mp4,True,59.94,1.0,derecha,22.13,0.00806,label_studio
20250407115707_cfr,ACOSTARSE,0.0,1.185,1.185,0.312,auto,C:\Users\dell\Documents\TIC\Codigo_TIC\videos\ACOSTARSE\20250407115707_cfr.mp4,True,59.94,1.0,ambas_izq,23.25,0.00692,label_studio
20250407115857_cfr,ACOSTARSE,0.45,2.486,2.036,0.403,auto,C:\Users\dell\Documents\TIC\Codigo_TIC\videos\ACOSTARSE\20250407115857_cfr.mp4,True,59.94,1.0,derecha,19.2,0.00813,label_studio
C0327_cfr,ACTUAR+AGENTE,0.0,2.97,2.97,0.682,auto,C:\Users\dell\Documents\TIC\Codigo_TIC\videos\ACTUAR+AGENTE\C0327_cfr.mp4,True,29.97,1.0,derecha,15.59,0.01398,label_studio
C0328_cfr,ACTUAR+AGENTE,0.067,2.469,2.402,0.551,auto,C:\Users\dell\Documents\TIC\Codigo_TIC\videos\ACTUAR+AGENTE\C0328_cfr.mp4,True,29.97,1.0,derecha,17.82,0.01341,label_studio
C0329_cfr,ACTUAR+AGENTE,0.0,1.969,1.969,0.542,auto,C:\Users\dell\Documents\TIC\Codigo_TIC\videos\ACTUAR+AGENTE\C0329_cfr.mp4,True,29.97,1.0,ambas_der,16.5,0.01357,label_studio
20250402103212_cfr,ADMITIR,0.0,1.268,1.268,0.306,auto,C:\Users\dell\Documents\TIC\Codigo_TIC\videos\ADMITIR\20250402103212_cfr.mp4,True,59.94,1.0,derecha,16.84,0.00488,label_studio
20250407120008_cfr,ADREDE,0.0,2.486,2.486,0.753,auto,C:\Users\dell\Documents\TIC\Codigo_TIC\videos\ADREDE\20250407120008_cfr.mp4,True,59.94,1.0,ambas_izq,18.8,0.01438,label_studio
20250407120017_cfr,ADREDE,0.35,2.486,2.136,0.408,auto,C:\Users\dell\Documents\TIC\Codigo_TIC\videos\ADREDE\20250407120017_cfr.mp4,True,59.94,1.0,ambas_izq,18.17,0.01143,label_studio
20250407120553_cfr,AFORTUNADO,0.3,2.302,2.002,0.513,auto,C:\Users\dell\Documents\TIC\Codigo_TIC\videos\AFORTUNADO\20250407120553_cfr.mp4,True,59.94,1.0,ambas_der,38.87,0.01021,label_studio
202504071206281_cfr,AFORTUNADO,0.0,1.983,1.983,0.987,auto,C:\Users\dell\Documents\TIC\Codigo_TIC\videos\AFORTUNADO\202504071206281_cfr.mp4,True,60.0,1.0,ambas_izq,33.21,0.00748,label_studio
20250407120628_cfr,AFORTUNADO,0.267,1.985,1.718,0.347,auto,C:\Users\dell\Documents\TIC\Codigo_TIC\videos\AFORTUNADO\20250407120628_cfr.mp4,True,59.94,1.0,ambas_izq,35.72,0.00834,label_studio
20250407120649_cfr,AFUERA,0.083,2.486,2.403,0.404,auto,C:\Users\dell\Documents\TIC\Codigo_TIC\videos\AFUERA\20250407120649_cfr.mp4,True,59.94,1.0,derecha,34.83,0.00731,label_studio
20250407120735_cfr,AFUERA,0.1,1.401,1.301,0.69,auto,C:\Users\dell\Documents\TIC\Codigo_TIC\videos\AFUERA\20250407120735_cfr.mp4,True,59.94,1.0,derecha,40.82,0.00711,label_studio
20250407120919_cfr,AGARRAR,0.0,1.485,1.485,0.494,auto,C:\Users\dell\Documents\TIC\Codigo_TIC\videos\AGARRAR\20250407120919_cfr.mp4,True,59.94,1.0,derecha,40.39,0.00504,label_studio
20250407120924_cfr,AGARRAR,0.0,0.467,0.467,0.833,auto,C:\Users\dell\Documents\TIC\Codigo_TIC\videos\AGARRAR\20250407120924_cfr.mp4,True,59.94,1.0,derecha,40.52,0.0073,label_studio
20250407121148_cfr,AGENTE,0.0,1.335,1.335,0.61,auto,C:\Users\dell\Documents\TIC\Codigo_TIC\videos\AGENTE\20250407121148_cfr.mp4,True,59.94,1.0,derecha,39.83,0.00927,label_studio
20250407121206_cfr,AGENTE,0.1,1.151,1.051,0.661,auto,C:\Users\dell\Documents\TIC\Codigo_TIC\videos\AGENTE\20250407121206_cfr.mp4,True,59.94,1.0,izquierda,39.76,0.00983,label_studio
20250407121513_cfr,AGRESIÓN,0.133,1.485,1.352,0.364,auto,C:\Users\dell\Documents\TIC\Codigo_TIC\videos\AGRESIÓN\20250407121513_cfr.mp4,True,59.94,1.0,ambas_izq,23.83,0.00841,label_studio
20250407121519_cfr,AGRESIÓN,0.0,0.817,0.817,0.545,auto,C:\Users\dell\Documents\TIC\Codigo_TIC\videos\AGRESIÓN\20250407121519_cfr.mp4,True,59.94,1.0,ambas_der,23.82,0.01152,label_studio
20250407121525_cfr,AGRESIÓN,0.0,0.551,0.551,0.759,auto,C:\Users\dell\Documents\TIC\Codigo_TIC\videos\AGRESIÓN\20250407121525_cfr.mp4,True,59.94,1.0,ambas_izq,28.96,0.00975,label_studio
C0179_cfr,AGUA,0.3,1.335,1.035,0.625,auto,C:\Users\dell\Documents\TIC\Codigo_TIC\videos\AGUA\C0179_cfr.mp4,True,29.97,1.0,derecha,13.09,0.00765,label_studio
C0330_cfr,"AH,CLARO",0.0,1.468,1.468,0.867,auto,"C:\Users\dell\Documents\TIC\Codigo_TIC\videos\AH,CLARO\C0330_cfr.mp4",True,29.97,1.0,ambas_izq,16.29,0.02223,label_studio
C0331_cfr,"AH,CLARO",0.0,1.468,1.468,0.651,auto,"C:\Users\dell\Documents\TIC\Codigo_TIC\videos\AH,CLARO\C0331_cfr.mp4",True,29.97,1.0,izquierda,16.85,0.01215,label_studio
C0332_cfr,"AH,CLARO",0.0,1.969,1.969,0.741,auto,"C:\Users\dell\Documents\TIC\Codigo_TIC\videos\AH,CLARO\C0332_cfr.mp4",True,29.97,1.0,ambas_izq,17.45,0.01576,label_studio
C0333_cfr,"AH,CLARO",0.0,1.802,1.802,0.882,auto,"C:\Users\dell\Documents\TIC\Codigo_TIC\videos\AH,CLARO\C0333_cfr.mp4",True,29.97,1.0,ambas_izq,18.18,0.01459,label_studio
C0334_cfr,"AH,CLARO",0.0,1.468,1.468,0.767,auto,"C:\Users\dell\Documents\TIC\Codigo_TIC\videos\AH,CLARO\C0334_cfr.mp4",True,29.97,1.0,ambas_izq,16.69,0.01451,label_studio
C0335_cfr,"AH,CLARO",0.0,1.969,1.969,0.483,auto,"C:\Users\dell\Documents\TIC\Codigo_TIC\videos\AH,CLARO\C0335_cfr.mp4",True,29.97,1.0,ambas_izq,18.27,0.00907,label_studio
C0336_cfr,"AH,CLARO",0.0,1.468,1.468,1.0,auto,"C:\Users\dell\Documents\TIC\Codigo_TIC\videos\AH,CLARO\C0336_cfr.mp4",True,29.97,1.0,derecha,16.82,0.01949,label_studio
C0337_cfr,"AH,CLARO",0.0,1.969,1.969,0.847,auto,"C:\Users\dell\Documents\TIC\Codigo_TIC\videos\AH,CLARO\C0337_cfr.mp4",True,29.97,1.0,ambas_izq,16.59,0.01233,label_studio
C0339_cfr,AHORRAR,0.0,2.469,2.469,0.365,auto,C:\Users\dell\Documents\TIC\Codigo_TIC\videos\AHORRAR\C0339_cfr.mp4,True,29.97,1.0,ambas_der,17.87,0.01416,label_studio
C0340_cfr,AHORRAR,0.0,1.969,1.969,0.464,auto,C:\Users\dell\Documents\TIC\Codigo_TIC\videos\AHORRAR\C0340_cfr.mp4,True,29.97,1.0,derecha,14.92,0.01367,label_studio
20250402104742_cfr,ALERGIA,0.317,1.752,1.435,0.392,auto,C:\Users\dell\Documents\TIC\Codigo_TIC\videos\ALERGIA\20250402104742_cfr.mp4,True,59.94,1.0,ambas_izq,18.02,0.00804,label_studio
C0345_cfr,ALGUIEN+UNO,0.0,1.969,1.969,0.61,auto,C:\Users\dell\Documents\TIC\Codigo_TIC\videos\ALGUIEN+UNO\C0345_cfr.mp4,True,29.97,1.0,ambas_izq,18.59,0.01205,label_studio
C0346_cfr,ALGUIEN+UNO,0.0,1.969,1.969,0.583,auto,C:\Users\dell\Documents\TIC\Codigo_TIC\videos\ALGUIEN+UNO\C0346_cfr.mp4,True,29.97,1.0,ambas_izq,17.26,0.01035,label_studio
20250402115811_cfr,ALGUNA+MAS,0.0,1.985,1.985,0.353,auto,C:\Users\dell\Documents\TIC\Codigo_TIC\videos\ALGUNA+MAS\20250402115811_cfr.mp4,True,59.94,1.0,ambas_izq,15.37,0.00665,label_studio
C0341_cfr,ALGUNO,0.1,1.969,1.869,0.642,auto,C:\Users\dell\Documents\TIC\Codigo_TIC\videos\ALGUNO\C0341_cfr.mp4,True,29.97,1.0,ambas_izq,16.62,0.01424,label_studio
C0342_cfr,ALGUNO,0.0,1.468,1.468,0.523,auto,C:\Users\dell\Documents\TIC\Codigo_TIC\videos\ALGUNO\C0342_cfr.mp4,True,29.97,1.0,ambas_izq,17.07,0.01555,label_studio
C0343_cfr,ALGUNO,0.0,1.468,1.468,0.644,auto,C:\Users\dell\Documents\TIC\Codigo_TIC\videos\ALGUNO\C0343_cfr.mp4,True,29.97,1.0,ambas_izq,18.25,0.01921,label_studio
C0344_cfr,ALGUNO,0.0,0.968,0.968,0.733,auto,C:\Users\dell\Documents\TIC\Codigo_TIC\videos\ALGUNO\C0344_cfr.mp4,True,29.97,1.0,ambas_der,19.17,0.01316,label_studio
20250407121934_cfr,ALIMENTAR,0.0,0.334,0.334,1.0,auto,C:\Users\dell\Documents\TIC\Codigo_TIC\videos\ALIMENTAR\20250407121934_cfr.mp4,True,59.94,1.0,ambas_der,31.11,0.0145,label_studio
20250407130121_cfr,ALTO,0.968,2.486,1.518,0.598,auto,C:\Users\dell\Documents\TIC\Codigo_TIC\videos\ALTO\20250407130121_cfr.mp4,True,59.94,1.0,ambas_der,27.98,0.01805,label_studio
20250407130419_cfr,ALTO,0.184,1.485,1.301,0.88,auto,C:\Users\dell\Documents\TIC\Codigo_TIC\videos\ALTO\20250407130419_cfr.mp4,True,59.94,1.0,ambas_der,22.49,0.01401,label_studio
20250407130521_cfr,ALTO,0.0,1.001,1.001,0.368,auto,C:\Users\dell\Documents\TIC\Codigo_TIC\videos\ALTO\20250407130521_cfr.mp4,True,59.94,1.0,ambas_izq,25.61,0.02426,label_studio
C0347_cfr,AMABLE,0.0,1.468,1.468,0.605,auto,C:\Users\dell\Documents\TIC\Codigo_TIC\videos\AMABLE\C0347_cfr.mp4,True,29.97,1.0,derecha,14.25,0.00475,label_studio
C0348_cfr,AMABLE,0.0,1.401,1.401,0.641,auto,C:\Users\dell\Documents\TIC\Codigo_TIC\videos\AMABLE\C0348_cfr.mp4,True,29.97,1.0,derecha,17.43,0.00678,label_studio
C0349_cfr,AMABLE,0.0,1.468,1.468,0.767,auto,C:\Users\dell\Documents\TIC\Codigo_TIC\videos\AMABLE\C0349_cfr.mp4,True,29.97,1.0,derecha,17.9,0.00532,label_studio
20250407131105_cfr,AMBIENTE,0.217,2.486,2.269,0.594,auto,C:\Users\dell\Documents\TIC\Codigo_TIC\videos\AMBIENTE\20250407131105_cfr.mp4,True,59.94,1.0,izquierda,22.06,0.01211,label_studio
20250407131122_cfr,AMBIENTE,0.0,1.301,1.301,0.453,auto,C:\Users\dell\Documents\TIC\Codigo_TIC\videos\AMBIENTE\20250407131122_cfr.mp4,True,59.94,1.0,derecha,17.62,0.00745,label_studio
20250407131134_cfr,AMBIENTE,0.0,1.485,1.485,0.407,auto,C:\Users\dell\Documents\TIC\Codigo_TIC\videos\AMBIENTE\20250407131134_cfr.mp4,True,59.94,1.0,ambas_izq,21.16,0.00923,label_studio
20250402115252_cfr,ANALIZAR,0.0,2.252,2.252,0.344,auto,C:\Users\dell\Documents\TIC\Codigo_TIC\videos\ANALIZAR\20250402115252_cfr.mp4,True,59.94,1.0,izquierda,15.13,0.00682,label_studio
20250402115309_cfr,ANALIZAR,0.0,1.485,1.485,0.618,auto,C:\Users\dell\Documents\TIC\Codigo_TIC\videos\ANALIZAR\20250402115309_cfr.mp4,True,59.94,1.0,ambas_izq,15.12,0.00696,label_studio
C0203_cfr,ANCHO,0.0,2.102,2.102,0.754,auto,C:\Users\dell\Documents\TIC\Codigo_TIC\videos\ANCHO\C0203_cfr.mp4,True,29.97,1.0,derecha,10.71,0.01595,label_studio
20250402120655_cfr,APLICAR,0.0,1.401,1.401,0.463,auto,C:\Users\dell\Documents\TIC\Codigo_TIC\videos\APLICAR\20250402120655_cfr.mp4,True,59.94,1.0,ambas_der,15.27,0.00888,label_studio
20250402120702_cfr,APLICAR,0.017,1.485,1.468,0.512,auto,C:\Users\dell\Documents\TIC\Codigo_TIC\videos\APLICAR\20250402120702_cfr.mp4,True,59.94,1.0,derecha,16.6,0.0094,label_studio
C0350_cfr,APROBAR,0.0,1.468,1.468,0.467,auto,C:\Users\dell\Documents\TIC\Codigo_TIC\videos\APROBAR\C0350_cfr.mp4,True,29.97,1.0,derecha,19.54,0.01349,label_studio
C0351_cfr,APROBAR,0.0,1.468,1.468,0.614,auto,C:\Users\dell\Documents\TIC\Codigo_TIC\videos\APROBAR\C0351_cfr.mp4,True,29.97,1.0,derecha,17.06,0.01935,label_studio
C0352_cfr,APROBAR,0.0,1.468,1.468,0.578,auto,C:\Users\dell\Documents\TIC\Codigo_TIC\videos\APROBAR\C0352_cfr.mp4,True,29.97,1.0,derecha,18.06,0.01311,label_studio
C0353_cfr,APROBAR,0.0,1.468,1.468,0.533,auto,C:\Users\dell\Documents\TIC\Codigo_TIC\videos\APROBAR\C0353_cfr.mp4,True,29.97,1.0,derecha,17.53,0.0114,label_studio
20250407131318_cfr,APURARSE,0.0,0.534,0.534,0.793,auto,C:\Users\dell\Documents\TIC\Codigo_TIC\videos\APURARSE\20250407131318_cfr.mp4,True,59.94,1.0,ambas_izq,26.37,0.01629,label_studio
20250407131333_cfr,APURARSE,0.0,1.985,1.985,0.568,auto,C:\Users\dell\Documents\TIC\Codigo_TIC\videos\APURARSE\20250407131333_cfr.mp4,True,59.94,1.0,ambas_der,22.42,0.00882,label_studio
20250407131447_cfr,AQUÍ,0.117,1.485,1.368,0.418,auto,C:\Users\dell\Documents\TIC\Codigo_TIC\videos\AQUÍ\20250407131447_cfr.mp4,True,59.94,1.0,derecha,25.12,0.00707,label_studio
20250407131455_cfr,AQUÍ,0.0,0.684,0.684,0.421,auto,C:\Users\dell\Documents\TIC\Codigo_TIC\videos\AQUÍ\20250407131455_cfr.mp4,True,59.94,1.0,ambas_der,28.1,0.00885,label_studio
20250407131611_cfr,ARGUMENTAR,0.0,1.335,1.335,0.329,auto,C:\Users\dell\Documents\TIC\Codigo_TIC\videos\ARGUMENTAR\20250407131611_cfr.mp4,True,59.94,1.0,ambas_der,18.53,0.00871,label_studio
20250407131621_cfr,ARGUMENTAR,0.0,1.985,1.985,0.697,auto,C:\Users\dell\Documents\TIC\Codigo_TIC\videos\ARGUMENTAR\20250407131621_cfr.mp4,True,59.94,1.0,derecha,20.06,0.01329,label_studio
20250407132420_cfr,ARRESTADO,0.0,1.985,1.985,0.695,auto,C:\Users\dell\Documents\TIC\Codigo_TIC\videos\ARRESTADO\20250407132420_cfr.mp4,True,59.94,1.0,ambas_der,20.74,0.0154,label_studio
20250407132431_cfr,ARRESTADO,0.0,1.985,1.985,0.559,auto,C:\Users\dell\Documents\TIC\Codigo_TIC\videos\ARRESTADO\20250407132431_cfr.mp4,True,59.94,1.0,derecha,21.5,0.01143,label_studio
20250407132452_cfr,ARRESTADO,0.334,1.435,1.101,0.847,auto,C:\Users\dell\Documents\TIC\Codigo_TIC\videos\ARRESTADO\20250407132452_cfr.mp4,True,59.94,1.0,ambas_der,19.37,0.01541,label_studio
20250402100636_cfr,ARRIBA,0.0,1.285,1.285,0.324,auto,C:\Users\dell\Documents\TIC\Codigo_TIC\videos\ARRIBA\20250402100636_cfr.mp4,True,59.94,1.0,derecha,15.5,0.00595,label_studio
20250402100732_cfr,ARRIBA,0.834,2.352,1.518,0.702,auto,C:\Users\dell\Documents\TIC\Codigo_TIC\videos\ARRIBA\20250402100732_cfr.mp4,True,59.94,1.0,derecha,22.1,0.00887,label_studio
00054_cfr,ARTÍCULO,0.0,0.767,0.767,0.548,auto,C:\Users\dell\Documents\TIC\Codigo_TIC\videos\ARTÍCULO\00054_cfr.mp4,True,59.94,1.0,ambas_izq,55.72,0.0094,label_studio
00055_cfr,ARTÍCULO,0.1,1.485,1.385,0.388,auto,C:\Users\dell\Documents\TIC\Codigo_TIC\videos\ARTÍCULO\00055_cfr.mp4,True,59.94,1.0,ambas_izq,40.61,0.00837,label_studio
00056_cfr,ATESTADO,0.017,2.486,2.469,0.303,auto,C:\Users\dell\Documents\TIC\Codigo_TIC\videos\ATESTADO\00056_cfr.mp4,True,59.94,1.0,ambas_izq,50.06,0.0086,label_studio
00057_cfr,ATESTADO,0.033,1.935,1.902,0.327,auto,C:\Users\dell\Documents\TIC\Codigo_TIC\videos\ATESTADO\00057_cfr.mp4,True,59.94,1.0,ambas_izq,48.99,0.00873,label_studio
00060_cfr,AUDICIÓN+PERSONA,0.501,1.985,1.484,0.306,auto,C:\Users\dell\Documents\TIC\Codigo_TIC\videos\AUDICIÓN+PERSONA\00060_cfr.mp4,True,59.94,1.0,derecha,60.14,0.00612,label_studio
00061_cfr,AUDIENCIA,0.017,2.219,2.202,0.432,auto,C:\Users\dell\Documents\TIC\Codigo_TIC\videos\AUDIENCIA\00061_cfr.mp4,True,59.94,1.0,ambas_izq,59.7,0.01003,label_studio
00062_cfr,AUDIENCIA,0.05,1.902,1.852,0.433,auto,C:\Users\dell\Documents\TIC\Codigo_TIC\videos\AUDIENCIA\00062_cfr.mp4,True,59.94,1.0,ambas_izq,57.29,0.01078,label_studio
00063_cfr,AUDIENCIA,0.133,1.702,1.569,0.632,auto,C:\Users\dell\Documents\TIC\Codigo_TIC\videos\AUDIENCIA\00063_cfr.mp4,True,59.94,1.0,ambas_izq,54.85,0.0117,label_studio
00064_cfr,AUDIENCIA,0.067,1.985,1.918,0.661,auto,C:\Users\dell\Documents\TIC\Codigo_TIC\videos\AUDIENCIA\00064_cfr.mp4,True,59.94,1.0,izquierda,37.02,0.015,label_studio
00065_cfr,AUDIOLOGÍA+AGENTE,0.15,1.668,1.518,0.714,auto,C:\Users\dell\Documents\TIC\Codigo_TIC\videos\AUDIOLOGÍA+AGENTE\00065_cfr.mp4,True,59.94,0.957,ambas_der,71.3,0.01465,label_studio
00066_cfr,AUDIOLOGÍA+AGENTE,0.35,2.986,2.636,0.413,auto,C:\Users\dell\Documents\TIC\Codigo_TIC\videos\AUDIOLOGÍA+AGENTE\00066_cfr.mp4,True,59.94,1.0,ambas_der,69.8,0.00962,label_studio
00067_cfr,AUDIOLOGÍA+AGENTE,0.0,1.985,1.985,0.45,auto,C:\Users\dell\Documents\TIC\Codigo_TIC\videos\AUDIOLOGÍA+AGENTE\00067_cfr.mp4,True,59.94,1.0,ambas_izq,52.12,0.01014,label_studio
00068_cfr,AUDIOLOGÍA+AGENTE,0.0,1.985,1.985,0.525,auto,C:\Users\dell\Documents\TIC\Codigo_TIC\videos\AUDIOLOGÍA+AGENTE\00068_cfr.mp4,True,59.94,1.0,ambas_der,61.28,0.01334,label_studio
00070_cfr,AUMENTAR,0.05,0.834,0.784,0.975,auto,C:\Users\dell\Documents\TIC\Codigo_TIC\videos\AUMENTAR\00070_cfr.mp4,True,59.94,1.0,ambas_der,54.44,0.01357,label_studio
00071_cfr,AUMENTAR,0.0,0.467,0.467,0.783,auto,C:\Users\dell\Documents\TIC\Codigo_TIC\videos\AUMENTAR\00071_cfr.mp4,True,59.94,1.0,ambas_der,45.07,0.0103,label_studio
00072_cfr,AUTO+AGENTE,0.0,1.785,1.785,0.583,auto,C:\Users\dell\Documents\TIC\Codigo_TIC\videos\AUTO+AGENTE\00072_cfr.mp4,True,59.94,1.0,ambas_izq,70.64,0.01098,label_studio
00073_cfr,AUTO+AGENTE,0.25,1.919,1.669,0.462,auto,C:\Users\dell\Documents\TIC\Codigo_TIC\videos\AUTO+AGENTE\00073_cfr.mp4,True,59.94,1.0,ambas_der,64.83,0.00869,label_studio
00074_cfr,AUTOMÁTICO,0.0,1.485,1.485,0.648,auto,C:\Users\dell\Documents\TIC\Codigo_TIC\videos\AUTOMÁTICO\00074_cfr.mp4,True,59.94,0.989,ambas_izq,61.38,0.01842,label_studio
00075_cfr,AUTOMÁTICO,0.284,1.485,1.201,0.773,auto,C:\Users\dell\Documents\TIC\Codigo_TIC\videos\AUTOMÁTICO\00075_cfr.mp4,True,59.94,1.0,ambas_izq,61.9,0.02048,label_studio
00076_cfr,AVERGONZAR,0.2,1.485,1.285,0.459,auto,C:\Users\dell\Documents\TIC\Codigo_TIC\videos\AVERGONZAR\00076_cfr.mp4,True,59.94,1.0,derecha,41.79,0.0113,label_studio
00077_cfr,AVERGONZAR,0.0,0.984,0.984,0.746,auto,C:\Users\dell\Documents\TIC\Codigo_TIC\videos\AVERGONZAR\00077_cfr.mp4,True,59.94,1.0,derecha,46.8,0.00682,label_studio
00078 (1)_cfr,AVERGONZAR,0.167,1.368,1.201,0.815,auto,C:\Users\dell\Documents\TIC\Codigo_TIC\videos\AVERGONZAR\00078 (1)_cfr.mp4,True,59.94,1.0,derecha,42.76,0.01179,label_studio
00078_cfr,AVERGONZAR,0.2,1.385,1.185,0.828,auto,C:\Users\dell\Documents\TIC\Codigo_TIC\videos\AVERGONZAR\00078_cfr.mp4,True,59.94,1.0,derecha,45.75,0.01011,label_studio
C0354_cfr,AVISO,0.0,0.968,0.968,0.385,auto,C:\Users\dell\Documents\TIC\Codigo_TIC\videos\AVISO\C0354_cfr.mp4,True,29.97,1.0,derecha,16.41,0.0066,label_studio
C0355_cfr,AVISO,0.0,0.968,0.968,0.5,auto,C:\Users\dell\Documents\TIC\Codigo_TIC\videos\AVISO\C0355_cfr.mp4,True,29.97,1.0,ambas_der,13.7,0.01211,label_studio
C0356_cfr,AVISO,0.0,1.435,1.435,0.59,auto,C:\Users\dell\Documents\TIC\Codigo_TIC\videos\AVISO\C0356_cfr.mp4,True,29.97,1.0,derecha,17.88,0.00866,label_studio
C0357_cfr,AVISO,0.0,0.968,0.968,0.759,auto,C:\Users\dell\Documents\TIC\Codigo_TIC\videos\AVISO\C0357_cfr.mp4,True,29.97,1.0,derecha,12.89,0.0102,label_studio
C0192_cfr,AYER,0.0,1.401,1.401,0.692,auto,C:\Users\dell\Documents\TIC\Codigo_TIC\videos\AYER\C0192_cfr.mp4,True,29.97,1.0,derecha,16.06,0.00919,label_studio
00081_cfr,AZUL+fs-BAYA,0.184,1.885,1.701,0.4,auto,C:\Users\dell\Documents\TIC\Codigo_TIC\videos\AZUL+fs-BAYA\00081_cfr.mp4,True,59.94,1.0,derecha,32.98,0.00584,label_studio
C0226_cfr,BAJO,0.0,1.301,1.301,0.778,auto,C:\Users\dell\Documents\TIC\Codigo_TIC\videos\BAJO\C0226_cfr.mp4,True,29.97,1.0,ambas_der,13.28,0.01835,label_studio
00082_cfr,BALONCESTO,0.0,1.368,1.368,0.633,auto,C:\Users\dell\Documents\TIC\Codigo_TIC\videos\BALONCESTO\00082_cfr.mp4,True,59.94,1.0,ambas_izq,29.12,0.01704,label_studio
00083_cfr,BALONCESTO,0.0,1.485,1.485,0.67,auto,C:\Users\dell\Documents\TIC\Codigo_TIC\videos\BALONCESTO\00083_cfr.mp4,True,59.94,1.0,ambas_izq,33.56,0.0165,label_studio
00084_cfr,BALONCESTO,0.0,1.485,1.485,0.567,auto,C:\Users\dell\Documents\TIC\Codigo_TIC\videos\BALONCESTO\00084_cfr.mp4,True,59.94,1.0,ambas_izq,32.21,0.01534,label_studio
00085_cfr,BALONCESTO,0.0,1.485,1.485,0.455,auto,C:\Users\dell\Documents\TIC\Codigo_TIC\videos\BALONCESTO\00085_cfr.mp4,True,59.94,1.0,ambas_der,31.22,0.01137,label_studio
C0358_cfr,BARATO,0.0,1.468,1.468,0.4,auto,C:\Users\dell\Documents\TIC\Codigo_TIC\videos\BARATO\C0358_cfr.mp4,True,29.97,1.0,derecha,17.7,0.0078,label_studio
C0359_cfr,BARATO,0.0,1.969,1.969,0.8,auto,C:\Users\dell\Documents\TIC\Codigo_TIC\videos\BARATO\C0359_cfr.mp4,True,29.97,1.0,derecha,18.12,0.00951,label_studio
C0360_cfr,BARATO,0.0,1.468,1.468,0.465,auto,C:\Users\dell\Documents\TIC\Codigo_TIC\videos\BARATO\C0360_cfr.mp4,True,29.97,1.0,derecha,18.22,0.0066,label_studio
C0361_cfr,BARATO+(1h)MÁS,0.0,1.969,1.969,0.776,auto,C:\Users\dell\Documents\TIC\Codigo_TIC\videos\BARATO+(1h)MÁS\C0361_cfr.mp4,True,29.97,1.0,ambas_der,17.63,0.01406,label_studio
C0362_cfr,BARATO+(1h)MÁS,0.0,1.468,1.468,0.674,auto,C:\Users\dell\Documents\TIC\Codigo_TIC\videos\BARATO+(1h)MÁS\C0362_cfr.mp4,True,29.97,1.0,derecha,16.91,0.00704,label_studio
C0363_cfr,BAYA,0.0,0.601,0.601,1.0,auto,C:\Users\dell\Documents\TIC\Codigo_TIC\videos\BAYA\C0363_cfr.mp4,True,29.97,1.0,derecha,20.14,0.01508,label_studio
C0365_cfr,BAYA,0.0,1.468,1.468,0.311,auto,C:\Users\dell\Documents\TIC\Codigo_TIC\videos\BAYA\C0365_cfr.mp4,True,29.97,1.0,derecha,18.82,0.00311,label_studio
C0366_cfr,BAYA,0.0,2.269,2.269,0.508,auto,C:\Users\dell\Documents\TIC\Codigo_TIC\videos\BAYA\C0366_cfr.mp4,True,29.97,1.0,derecha,19.71,0.0065,label_studio
C0180_cfr,BAÑO,0.0,1.735,1.735,0.327,auto,C:\Users\dell\Documents\TIC\Codigo_TIC\videos\BAÑO\C0180_cfr.mp4,True,29.97,1.0,derecha,17.0,0.00633,label_studio
00095_cfr,BIBLIOTECA,0.017,1.485,1.468,0.588,auto,C:\Users\dell\Documents\TIC\Codigo_TIC\videos\BIBLIOTECA\00095_cfr.mp4,True,59.94,1.0,derecha,30.01,0.00814,label_studio
00096_cfr,BIBLIOTECA,0.0,1.485,1.485,0.36,auto,C:\Users\dell\Documents\TIC\Codigo_TIC\videos\BIBLIOTECA\00096_cfr.mp4,True,59.94,1.0,derecha,29.01,0.00608,label_studio
00098_cfr,BIEN,0.0,1.451,1.451,0.458,auto,C:\Users\dell\Documents\TIC\Codigo_TIC\videos\BIEN\00098_cfr.mp4,True,59.94,1.0,derecha,30.72,0.00761,label_studio
00100_cfr,BIEN,0.0,0.984,0.984,0.404,auto,C:\Users\dell\Documents\TIC\Codigo_TIC\videos\BIEN\00100_cfr.mp4,True,59.94,1.0,ambas_izq,27.48,0.00653,label_studio
00101_cfr,BLANCO,0.0,0.984,0.984,0.368,auto,C:\Users\dell\Documents\TIC\Codigo_TIC\videos\BLANCO\00101_cfr.mp4,True,59.94,1.0,derecha,30.35,0.00433,label_studio
00105_1_cfr,BOMBA,0.0,1.485,1.485,0.573,auto,C:\Users\dell\Documents\TIC\Codigo_TIC\videos\BOMBA\00105_1_cfr.mp4,True,59.94,1.0,ambas_der,19.44,0.01122,label_studio
00106_cfr,BOMBA,0.534,2.202,1.668,0.763,auto,C:\Users\dell\Documents\TIC\Codigo_TIC\videos\BOMBA\00106_cfr.mp4,True,59.94,1.0,ambas_izq,19.38,0.01597,label_studio
00107_cfr,BOMBA,0.017,1.301,1.284,0.5,auto,C:\Users\dell\Documents\TIC\Codigo_TIC\videos\BOMBA\00107_cfr.mp4,True,59.94,1.0,derecha,21.89,0.00983,label_studio
00108_cfr,BORRAR,0.0,1.985,1.985,0.417,auto,C:\Users\dell\Documents\TIC\Codigo_TIC\videos\BORRAR\00108_cfr.mp4,True,59.94,1.0,ambas_der,25.04,0.00799,label_studio
00109_cfr,BORRAR,0.2,1.485,1.285,0.486,auto,C:\Users\dell\Documents\TIC\Codigo_TIC\videos\BORRAR\00109_cfr.mp4,True,59.94,0.937,derecha,21.56,0.01038,label_studio
00110_cfr,BORRAR,0.083,1.902,1.819,0.559,auto,C:\Users\dell\Documents\TIC\Codigo_TIC\videos\BORRAR\00110_cfr.mp4,True,59.94,1.0,ambas_izq,22.83,0.01244,label_studio
00111_cfr,BORRAR,0.3,1.468,1.168,0.444,auto,C:\Users\dell\Documents\TIC\Codigo_TIC\videos\BORRAR\00111_cfr.mp4,True,59.94,1.0,ambas_izq,22.33,0.00866,label_studio
00112_cfr,BOTE,0.4,0.801,0.401,0.941,auto,C:\Users\dell\Documents\TIC\Codigo_TIC\videos\BOTE\00112_cfr.mp4,True,59.94,0.962,ambas_der,25.22,0.01862,label_studio
00113_cfr,BOTE,0.0,2.286,2.286,0.78,auto,C:\Users\dell\Documents\TIC\Codigo_TIC\videos\BOTE\00113_cfr.mp4,True,59.94,1.0,ambas_izq,19.53,0.0139,label_studio
00114_cfr,BOTE,0.033,1.602,1.569,0.655,auto,C:\Users\dell\Documents\TIC\Codigo_TIC\videos\BOTE\00114_cfr.mp4,True,59.94,1.0,ambas_der,21.33,0.01304,label_studio
00115_cfr,BOTE,0.701,2.786,2.085,0.492,auto,C:\Users\dell\Documents\TIC\Codigo_TIC\videos\BOTE\00115_cfr.mp4,True,59.94,1.0,ambas_izq,20.3,0.0086,label_studio
C0370_cfr,BRILLO,0.0,1.468,1.468,0.644,auto,C:\Users\dell\Documents\TIC\Codigo_TIC\videos\BRILLO\C0370_cfr.mp4,True,29.97,1.0,derecha,19.66,0.01551,label_studio
C0269_cfr,BRONCEARSE,0.0,2.469,2.469,0.753,auto,C:\Users\dell\Documents\TIC\Codigo_TIC\videos\BRONCEARSE\C0269_cfr.mp4,True,29.97,1.0,derecha,11.53,0.03228,label_studio
C0181_cfr,BURLA_2,0.834,1.435,0.601,1.0,auto,C:\Users\dell\Documents\TIC\Codigo_TIC\videos\BURLA_2\C0181_cfr.mp4,True,29.97,1.0,derecha,17.12,0.01389,label_studio
C0367_cfr,BÉISBOL,0.0,1.468,1.468,0.689,auto,C:\Users\dell\Documents\TIC\Codigo_TIC\videos\BÉISBOL\C0367_cfr.mp4,True,29.97,1.0,ambas_der,19.32,0.01661,label_studio
C0368_cfr,BÉISBOL,0.0,1.468,1.468,0.864,auto,C:\Users\dell\Documents\TIC\Codigo_TIC\videos\BÉISBOL\C0368_cfr.mp4,True,29.97,1.0,ambas_izq,19.64,0.01962,label_studio
C0369_cfr,BÉISBOL,0.0,1.468,1.468,0.733,auto,C:\Users\dell\Documents\TIC\Codigo_TIC\videos\BÉISBOL\C0369_cfr.mp4,True,29.97,1.0,izquierda,19.81,0.01407,label_studio
00119_cfr,CABALLO,0.0,1.919,1.919,0.691,auto,C:\Users\dell\Documents\TIC\Codigo_TIC\videos\CABALLO\00119_cfr.mp4,True,59.94,1.0,ambas_izq,23.69,0.01408,label_studio
00120_cfr,CABALLO,0.184,1.885,1.701,0.684,auto,C:\Users\dell\Documents\TIC\Codigo_TIC\videos\CABALLO\00120_cfr.mp4,True,59.94,1.0,ambas_izq,21.25,0.01307,label_studio
00121_cfr,CADA,0.017,1.418,1.401,0.545,auto,C:\Users\dell\Documents\TIC\Codigo_TIC\videos\CADA\00121_cfr.mp4,True,59.94,1.0,ambas_der,24.73,0.01183,label_studio
00122_cfr,CADA,0.0,1.485,1.485,0.33,auto,C:\Users\dell\Documents\TIC\Codigo_TIC\videos\CADA\00122_cfr.mp4,True,59.94,1.0,ambas_izq,23.16,0.00702,label_studio
C0182_cfr,CADA DÍA,0.0,1.702,1.702,0.702,auto,C:\Users\dell\Documents\TIC\Codigo_TIC\videos\CADA DÍA\C0182_cfr.mp4,True,29.97,1.0,derecha,15.03,0.0139,label_studio
00123_cfr,CADA UNO+UNO,0.0,1.985,1.985,0.35,auto,C:\Users\dell\Documents\TIC\Codigo_TIC\videos\CADA UNO+UNO\00123_cfr.mp4,True,59.94,0.908,ambas_der,23.69,0.00979,label_studio
00124_cfr,CADA UNO+UNO,0.0,1.718,1.718,0.561,auto,C:\Users\dell\Documents\TIC\Codigo_TIC\videos\CADA UNO+UNO\00124_cfr.mp4,True,59.94,0.883,ambas_der,23.51,0.01064,label_studio
00125_cfr,CADA UNO+UNO,0.0,1.385,1.385,0.571,auto,C:\Users\dell\Documents\TIC\Codigo_TIC\videos\CADA UNO+UNO\00125_cfr.mp4,True,59.94,0.952,derecha,23.5,0.01062,label_studio
00126_cfr,CADA UNO+UNO-pl-arco,0.017,1.735,1.718,0.552,auto,C:\Users\dell\Documents\TIC\Codigo_TIC\videos\CADA UNO+UNO-pl-arco\00126_cfr.mp4,True,59.94,1.0,derecha,23.08,0.01111,label_studio
00127_cfr,CAFETERÍA,0.217,1.985,1.768,0.301,auto,C:\Users\dell\Documents\TIC\Codigo_TIC\videos\CAFETERÍA\00127_cfr.mp4,True,59.94,1.0,ambas_der,23.02,0.00765,label_studio
00128_cfr,CAFETERÍA,0.0,1.768,1.768,0.441,auto,C:\Users\dell\Documents\TIC\Codigo_TIC\videos\CAFETERÍA\00128_cfr.mp4,True,59.94,1.0,derecha,17.4,0.01239,label_studio
C0374_cfr,CALIDAD,0.234,1.435,1.201,0.655,auto,C:\Users\dell\Documents\TIC\Codigo_TIC\videos\CALIDAD\C0374_cfr.mp4,True,29.97,1.0,ambas_izq,18.34,0.01342,label_studio
C0375_cfr,CALIDAD,0.0,1.468,1.468,0.535,auto,C:\Users\dell\Documents\TIC\Codigo_TIC\videos\CALIDAD\C0375_cfr.mp4,True,29.97,1.0,izquierda,18.28,0.01303,label_studio
00129_cfr,CALIENTE,0.083,0.984,0.901,0.56,auto,C:\Users\dell\Documents\TIC\Codigo_TIC\videos\CALIENTE\00129_cfr.mp4,True,59.94,1.0,derecha,23.97,0.00843,label_studio
00130_cfr,CALIENTE,0.0,1.401,1.401,0.79,auto,C:\Users\dell\Documents\TIC\Codigo_TIC\videos\CALIENTE\00130_cfr.mp4,True,59.94,1.0,derecha,22.75,0.01032,label_studio
00131_cfr,CALIENTE,0.284,1.485,1.201,0.574,auto,C:\Users\dell\Documents\TIC\Codigo_TIC\videos\CALIENTE\00131_cfr.mp4,True,59.94,1.0,derecha,16.57,0.01351,label_studio
C0376_cfr,CALLE ANCHA,0.0,1.969,1.969,0.5,auto,C:\Users\dell\Documents\TIC\Codigo_TIC\videos\CALLE ANCHA\C0376_cfr.mp4,True,29.97,1.0,ambas_der,18.41,0.0149,label_studio
C0377_cfr,CALLE ANCHA,0.0,1.969,1.969,0.667,auto,C:\Users\dell\Documents\TIC\Codigo_TIC\videos\CALLE ANCHA\C0377_cfr.mp4,True,29.97,1.0,ambas_der,20.13,0.01152,label_studio
C0378_cfr,CALLE ANCHA,0.0,1.468,1.468,0.86,auto,C:\Users\dell\Documents\TIC\Codigo_TIC\videos\CALLE ANCHA\C0378_cfr.mp4,True,29.97,1.0,ambas_izq,17.56,0.01726,label_studio
C0376_cfr,CALLE ESTRECHA,0.0,1.969,1.969,0.517,auto,C:\Users\dell\Documents\TIC\Codigo_TIC\videos\CALLE ESTRECHA\C0376_cfr.mp4,True,29.97,1.0,ambas_der,18.41,0.0149,label_studio
C0377_cfr,CALLE ESTRECHA,0.0,1.969,1.969,0.7,auto,C:\Users\dell\Documents\TIC\Codigo_TIC\videos\CALLE ESTRECHA\C0377_cfr.mp4,True,29.97,1.0,ambas_der,20.13,0.01152,label_studio
C0378_cfr,CALLE ESTRECHA,0.0,1.468,1.468,0.86,auto,C:\Users\dell\Documents\TIC\Codigo_TIC\videos\CALLE ESTRECHA\C0378_cfr.mp4,True,29.97,1.0,ambas_izq,17.56,0.01726,label_studio
C0379_cfr,CALVO,0.0,1.969,1.969,0.525,auto,C:\Users\dell\Documents\TIC\Codigo_TIC\videos\CALVO\C0379_cfr.mp4,True,29.97,1.0,ambas_der,19.51,0.02331,label_studio
C0380_cfr,CALVO,0.0,1.468,1.468,0.341,auto,C:\Users\dell\Documents\TIC\Codigo_TIC\videos\CALVO\C0380_cfr.mp4,True,29.97,1.0,derecha,19.29,0.00508,label_studio
C0381_cfr,CALVO,0.0,1.468,1.468,0.511,auto,C:\Users\dell\Documents\TIC\Codigo_TIC\videos\CALVO\C0381_cfr.mp4,True,29.97,1.0,ambas_izq,17.87,0.01383,label_studio
C0382_cfr,CAMA,0.0,1.468,1.468,0.409,auto,C:\Users\dell\Documents\TIC\Codigo_TIC\videos\CAMA\C0382_cfr.mp4,True,29.97,1.0,ambas_der,18.69,0.01517,label_studio
C0383_cfr,CAMINO,0.0,1.468,1.468,0.818,auto,C:\Users\dell\Documents\TIC\Codigo_TIC\videos\CAMINO\C0383_cfr.mp4,True,29.97,1.0,ambas_der,17.19,0.01578,label_studio
C0384_cfr,CANSADO,0.1,1.468,1.368,0.514,auto,C:\Users\dell\Documents\TIC\Codigo_TIC\videos\CANSADO\C0384_cfr.mp4,True,29.97,1.0,ambas_izq,19.23,0.00717,label_studio
C0385_cfr,CANSADO,0.0,1.068,1.068,0.724,auto,C:\Users\dell\Documents\TIC\Codigo_TIC\videos\CANSADO\C0385_cfr.mp4,True,29.97,1.0,ambas_izq,18.63,0.00975,label_studio
C0386_cfr,CANSADO,0.0,1.368,1.368,0.526,auto,C:\Users\dell\Documents\TIC\Codigo_TIC\videos\CANSADO\C0386_cfr.mp4,True,29.97,1.0,ambas_izq,20.04,0.01142,label_studio
00132_cfr,CAPÍTULO,0.0,1.485,1.485,0.517,auto,C:\Users\dell\Documents\TIC\Codigo_TIC\videos\CAPÍTULO\00132_cfr.mp4,True,59.94,0.922,ambas_der,24.67,0.01311,label_studio
00133_cfr,CARA+MISMO,0.0,1.485,1.485,0.371,auto,C:\Users\dell\Documents\TIC\Codigo_TIC\videos\CARA+MISMO\00133_cfr.mp4,True,59.94,1.0,ambas_der,21.29,0.00952,label_studio
00134_cfr,CARA+MISMO,0.017,1.635,1.618,0.622,auto,C:\Users\dell\Documents\TIC\Codigo_TIC\videos\CARA+MISMO\00134_cfr.mp4,True,59.94,1.0,derecha,21.07,0.00929,label_studio
C0387_cfr,CARIÑO,0.0,0.734,0.734,0.8,auto,C:\Users\dell\Documents\TIC\Codigo_TIC\videos\CARIÑO\C0387_cfr.mp4,True,29.97,1.0,ambas_izq,15.64,0.02686,label_studio
C0388_cfr,CARIÑO,0.0,1.969,1.969,0.702,auto,C:\Users\dell\Documents\TIC\Codigo_TIC\videos\CARIÑO\C0388_cfr.mp4,True,29.97,1.0,ambas_izq,16.34,0.01412,label_studio
C0389_cfr,CARIÑO,0.0,1.468,1.468,0.378,auto,C:\Users\dell\Documents\TIC\Codigo_TIC\videos\CARIÑO\C0389_cfr.mp4,True,29.97,1.0,derecha,15.83,0.00591,label_studio
00135_cfr,CARNE,0.0,1.401,1.401,0.537,auto,C:\Users\dell\Documents\TIC\Codigo_TIC\videos\CARNE\00135_cfr.mp4,True,59.94,1.0,derecha,24.92,0.00822,label_studio
00136_cfr,CARNE,0.133,1.018,0.885,0.783,auto,C:\Users\dell\Documents\TIC\Codigo_TIC\videos\CARNE\00136_cfr.mp4,True,59.94,1.0,derecha,23.92,0.01502,label_studio
00137_cfr,CARO,0.083,1.485,1.402,0.407,auto,C:\Users\dell\Documents\TIC\Codigo_TIC\videos\CARO\00137_cfr.mp4,True,59.94,1.0,derecha,25.65,0.00717,label_studio
00138_cfr,CARO,0.0,1.485,1.485,0.489,auto,C:\Users\dell\Documents\TIC\Codigo_TIC\videos\CARO\00138_cfr.mp4,True,59.94,1.0,derecha,22.42,0.00821,label_studio
00139_cfr,CARO,0.0,0.534,0.534,0.63,auto,C:\Users\dell\Documents\TIC\Codigo_TIC\videos\CARO\00139_cfr.mp4,True,59.94,1.0,derecha,28.75,0.01379,label_studio
00141_cfr,CASA,0.0,1.451,1.451,0.756,auto,C:\Users\dell\Documents\TIC\Codigo_TIC\videos\CASA\00141_cfr.mp4,True,59.94,0.943,ambas_izq,25.68,0.01745,label_studio
00142_cfr,CASA,0.0,0.984,0.984,0.367,auto,C:\Users\dell\Documents\TIC\Codigo_TIC\videos\CASA\00142_cfr.mp4,True,59.94,1.0,ambas_izq,22.13,0.00857,label_studio
20250402105058_cfr,CASI,0.234,1.585,1.351,0.568,auto,C:\Users\dell\Documents\TIC\Codigo_TIC\videos\CASI\20250402105058_cfr.mp4,True,59.94,1.0,derecha,13.28,0.00816,label_studio
00143_cfr,CAUSA,0.0,0.334,0.334,0.471,auto,C:\Users\dell\Documents\TIC\Codigo_TIC\videos\CAUSA\00143_cfr.mp4,True,59.94,1.0,ambas_izq,20.36,0.00947,label_studio
00144_cfr,CAUSA,0.0,1.485,1.485,0.382,auto,C:\Users\dell\Documents\TIC\Codigo_TIC\videos\CAUSA\00144_cfr.mp4,True,59.94,1.0,ambas_der,27.0,0.00893,label_studio
00146_cfr,CENTRO,0.0,1.485,1.485,0.573,auto,C:\Users\dell\Documents\TIC\Codigo_TIC\videos\CENTRO\00146_cfr.mp4,True,59.94,1.0,izquierda,22.79,0.01265,label_studio
C0186_cfr,CERCA,0.0,1.468,1.468,0.436,auto,C:\Users\dell\Documents\TIC\Codigo_TIC\videos\CERCA\C0186_cfr.mp4,True,29.97,1.0,izquierda,15.04,0.00953,label_studio
C0392_cfr,CERDO,0.0,0.634,0.634,1.0,auto,C:\Users\dell\Documents\TIC\Codigo_TIC\videos\CERDO\C0392_cfr.mp4,True,29.97,1.0,derecha,15.78,0.01642,label_studio
C0393_cfr,CERDO,0.0,0.968,0.968,0.321,auto,C:\Users\dell\Documents\TIC\Codigo_TIC\videos\CERDO\C0393_cfr.mp4,True,29.97,1.0,derecha,19.44,0.00526,label_studio
00148_cfr,CEREAL SECO,0.0,1.885,1.885,0.426,auto,C:\Users\dell\Documents\TIC\Codigo_TIC\videos\CEREAL SECO\00148_cfr.mp4,True,59.94,1.0,derecha,27.08,0.01009,label_studio
00152_cfr,CHICA,0.25,1.835,1.585,0.364,auto,C:\Users\dell\Documents\TIC\Codigo_TIC\videos\CHICA\00152_cfr.mp4,True,59.94,1.0,derecha,25.74,0.00736,label_studio
00153_cfr,CHICA+AMIGA,0.1,1.401,1.301,0.31,auto,C:\Users\dell\Documents\TIC\Codigo_TIC\videos\CHICA+AMIGA\00153_cfr.mp4,True,59.94,1.0,derecha,25.43,0.00623,label_studio
00154_cfr,CHICA+AMIGA,0.0,1.985,1.985,0.347,auto,C:\Users\dell\Documents\TIC\Codigo_TIC\videos\CHICA+AMIGA\00154_cfr.mp4,True,59.94,0.941,ambas_der,22.98,0.00773,label_studio
C0394_cfr,CHICO,0.133,2.469,2.336,0.515,auto,C:\Users\dell\Documents\TIC\Codigo_TIC\videos\CHICO\C0394_cfr.mp4,True,29.97,1.0,derecha,18.6,0.00925,label_studio
00155_cfr,CHOCAR,0.0,1.451,1.451,0.321,auto,C:\Users\dell\Documents\TIC\Codigo_TIC\videos\CHOCAR\00155_cfr.mp4,True,59.94,1.0,ambas_izq,21.56,0.00699,label_studio
00156_cfr,CHOCAR,0.033,1.485,1.452,0.476,auto,C:\Users\dell\Documents\TIC\Codigo_TIC\videos\CHOCAR\00156_cfr.mp4,True,59.94,1.0,ambas_izq,20.42,0.01105,label_studio
00157_cfr,CHOCAR,0.0,0.984,0.984,0.55,auto,C:\Users\dell\Documents\TIC\Codigo_TIC\videos\CHOCAR\00157_cfr.mp4,True,59.94,1.0,ambas_izq,20.41,0.00965,label_studio
00158_cfr,CHOCOLATE,0.0,0.901,0.901,0.5,auto,C:\Users\dell\Documents\TIC\Codigo_TIC\videos\CHOCOLATE\00158_cfr.mp4,True,59.94,1.0,ambas_izq,17.32,0.00611,label_studio
C0395_cfr,CIENTO,0.0,1.468,1.468,0.465,auto,C:\Users\dell\Documents\TIC\Codigo_TIC\videos\CIENTO\C0395_cfr.mp4,True,29.97,1.0,derecha,17.36,0.00966,label_studio
C0396_cfr,CIENTO,0.167,2.469,2.302,0.419,auto,C:\Users\dell\Documents\TIC\Codigo_TIC\videos\CIENTO\C0396_cfr.mp4,True,29.97,1.0,derecha,18.91,0.00874,label_studio
00160_cfr,CINCO,0.0,0.45,0.45,0.81,auto,C:\Users\dell\Documents\TIC\Codigo_TIC\videos\CINCO\00160_cfr.mp4,True,59.94,1.0,derecha,25.35,0.01167,label_studio
00161_cfr,CINCO,0.0,0.534,0.534,0.333,auto,C:\Users\dell\Documents\TIC\Codigo_TIC\videos\CINCO\00161_cfr.mp4,True,59.94,1.0,derecha,22.0,0.00259,label_studio
00162_cfr,CINCO+SEIS_2,0.0,1.335,1.335,0.56,auto,C:\Users\dell\Documents\TIC\Codigo_TIC\videos\CINCO+SEIS_2\00162_cfr.mp4,True,59.94,1.0,derecha,23.35,0.00574,label_studio
00163_cfr,CITA,0.0,1.485,1.485,0.547,auto,C:\Users\dell\Documents\TIC\Codigo_TIC\videos\CITA\00163_cfr.mp4,True,59.94,1.0,derecha,21.82,0.00886,label_studio
00164_cfr,CITA,0.0,0.334,0.334,1.0,auto,C:\Users\dell\Documents\TIC\Codigo_TIC\videos\CITA\00164_cfr.mp4,True,59.94,1.0,ambas_izq,18.21,0.01453,label_studio
00165_cfr,CLASE,0.0,1.485,1.485,0.405,auto,C:\Users\dell\Documents\TIC\Codigo_TIC\videos\CLASE\00165_cfr.mp4,True,59.94,1.0,ambas_der,21.46,0.00713,label_studio
00166_cfr,CLASE,0.0,0.551,0.551,0.536,auto,C:\Users\dell\Documents\TIC\Codigo_TIC\videos\CLASE\00166_cfr.mp4,True,59.94,1.0,izquierda,16.19,0.00941,label_studio
C0206_cfr,CLIMA,0.0,1.935,1.935,0.382,auto,C:\Users\dell\Documents\TIC\Codigo_TIC\videos\CLIMA\C0206_cfr.mp4,True,29.97,1.0,derecha,18.87,0.00707,label_studio
C0189_cfr,COGER,0.0,1.502,1.502,0.452,auto,C:\Users\dell\Documents\TIC\Codigo_TIC\videos\COGER\C0189_cfr.mp4,True,29.97,1.0,derecha,13.95,0.00847,label_studio
00167_cfr,COLEGA,0.0,1.485,1.485,0.5,auto,C:\Users\dell\Documents\TIC\Codigo_TIC\videos\COLEGA\00167_cfr.mp4,True,59.94,1.0,ambas_izq,19.8,0.00959,label_studio
00168_cfr,COLEGA,0.117,1.485,1.368,0.62,auto,C:\Users\dell\Documents\TIC\Codigo_TIC\videos\COLEGA\00168_cfr.mp4,True,59.94,1.0,ambas_izq,16.98,0.01068,label_studio
00169_cfr,COMER+MAÑANA,0.0,1.485,1.485,0.591,auto,C:\Users\dell\Documents\TIC\Codigo_TIC\videos\COMER+MAÑANA\00169_cfr.mp4,True,59.94,1.0,ambas_der,23.05,0.01581,label_studio
00170_cfr,COMER+NOCHE,0.1,1.485,1.385,0.5,auto,C:\Users\dell\Documents\TIC\Codigo_TIC\videos\COMER+NOCHE\00170_cfr.mp4,True,59.94,1.0,ambas_der,20.64,0.01152,label_studio
C0397_cfr,COMPAÑERO DE CUARTO,0.0,2.469,2.469,0.699,auto,C:\Users\dell\Documents\TIC\Codigo_TIC\videos\COMPAÑERO DE CUARTO\C0397_cfr.mp4,True,29.97,1.0,ambas_izq,16.72,0.01442,label_studio
C0398_cfr,COMPAÑERO DE CUARTO,0.0,1.702,1.702,0.826,auto,C:\Users\dell\Documents\TIC\Codigo_TIC\videos\COMPAÑERO DE CUARTO\C0398_cfr.mp4,True,29.97,1.0,ambas_der,15.36,0.01332,label_studio
00171_cfr,COMPETENCIA,0.0,1.335,1.335,0.697,auto,C:\Users\dell\Documents\TIC\Codigo_TIC\videos\COMPETENCIA\00171_cfr.mp4,True,59.94,1.0,ambas_izq,19.29,0.01054,label_studio
00172_cfr,COMPETENCIA,0.0,1.485,1.485,0.686,auto,C:\Users\dell\Documents\TIC\Codigo_TIC\videos\COMPETENCIA\00172_cfr.mp4,True,59.94,1.0,derecha,18.34,0.01114,label_studio
00173_cfr,COMPRAR,0.0,1.485,1.485,0.736,auto,C:\Users\dell\Documents\TIC\Codigo_TIC\videos\COMPRAR\00173_cfr.mp4,True,59.94,1.0,derecha,22.14,0.01173,label_studio
00174_cfr,COMPRAR,0.0,1.385,1.385,0.463,auto,C:\Users\dell\Documents\TIC\Codigo_TIC\videos\COMPRAR\00174_cfr.mp4,True,59.94,1.0,derecha,20.06,0.00948,label_studio
00176_cfr,COMPUTADORA,0.184,2.486,2.302,0.435,auto,C:\Users\dell\Documents\TIC\Codigo_TIC\videos\COMPUTADORA\00176_cfr.mp4,True,59.94,1.0,ambas_der,26.16,0.01163,label_studio
00179_cfr,CON POCA FRECUENCIA,0.25,0.651,0.401,1.0,auto,C:\Users\dell\Documents\TIC\Codigo_TIC\videos\CON POCA FRECUENCIA\00179_cfr.mp4,True,59.94,1.0,derecha,29.28,0.01099,label_studio
00181_cfr,CONFRONTAR,0.0,1.485,1.485,0.489,auto,C:\Users\dell\Documents\TIC\Codigo_TIC\videos\CONFRONTAR\00181_cfr.mp4,True,59.94,1.0,ambas_izq,19.68,0.00897,label_studio
00183_cfr,CONOCIMIENTO AMPLIAMENTE,0.0,2.369,2.369,0.428,auto,C:\Users\dell\Documents\TIC\Codigo_TIC\videos\CONOCIMIENTO AMPLIAMENTE\00183_cfr.mp4,True,59.94,1.0,derecha,27.08,0.01102,label_studio
00185_cfr,CONTINUAR,0.0,0.35,0.35,1.0,auto,C:\Users\dell\Documents\TIC\Codigo_TIC\videos\CONTINUAR\00185_cfr.mp4,True,59.94,1.0,ambas_der,22.04,0.01715,label_studio
00186_cfr,CONTINUAR,0.0,1.485,1.485,0.364,auto,C:\Users\dell\Documents\TIC\Codigo_TIC\videos\CONTINUAR\00186_cfr.mp4,True,59.94,1.0,ambas_der,30.05,0.00828,label_studio
00187_cfr,CONTROLAR,0.0,0.951,0.951,0.537,auto,C:\Users\dell\Documents\TIC\Codigo_TIC\videos\CONTROLAR\00187_cfr.mp4,True,59.94,1.0,ambas_der,23.68,0.00821,label_studio
00188_cfr,CONTROLAR,0.0,0.984,0.984,0.407,auto,C:\Users\dell\Documents\TIC\Codigo_TIC\videos\CONTROLAR\00188_cfr.mp4,True,59.94,1.0,ambas_der,21.99,0.0074,label_studio
00189_cfr,CONTROLAR,0.0,1.485,1.485,0.31,auto,C:\Users\dell\Documents\TIC\Codigo_TIC\videos\CONTROLAR\00189_cfr.mp4,True,59.94,1.0,izquierda,23.29,0.00629,label_studio
C0270_cfr,CONVERSACIÓN,0.534,2.469,1.935,0.569,auto,C:\Users\dell\Documents\TIC\Codigo_TIC\videos\CONVERSACIÓN\C0270_cfr.mp4,True,29.97,1.0,ambas_izq,11.56,0.0185,label_studio
00192_cfr,CORRECTO,0.0,1.985,1.985,0.636,auto,C:\Users\dell\Documents\TIC\Codigo_TIC\videos\CORRECTO\00192_cfr.mp4,True,59.94,1.0,derecha,22.66,0.01302,label_studio
00193_cfr,CORRECTO,0.0,1.985,1.985,0.475,auto,C:\Users\dell\Documents\TIC\Codigo_TIC\videos\CORRECTO\00193_cfr.mp4,True,59.94,1.0,derecha,20.91,0.00985,label_studio
00194_cfr,CORRECTO,0.0,1.301,1.301,0.603,auto,C:\Users\dell\Documents\TIC\Codigo_TIC\videos\CORRECTO\00194_cfr.mp4,True,59.94,1.0,derecha,22.68,0.0111,label_studio
00195_cfr,CORRECTO,0.0,1.485,1.485,0.539,auto,C:\Users\dell\Documents\TIC\Codigo_TIC\videos\CORRECTO\00195_cfr.mp4,True,59.94,1.0,ambas_der,21.68,0.01044,label_studio
00196_cfr,CORRECTO,0.05,1.485,1.435,0.422,auto,C:\Users\dell\Documents\TIC\Codigo_TIC\videos\CORRECTO\00196_cfr.mp4,True,59.94,1.0,derecha,21.54,0.00785,label_studio
00197_cfr,CRECER,0.033,1.985,1.952,0.474,auto,C:\Users\dell\Documents\TIC\Codigo_TIC\videos\CRECER\00197_cfr.mp4,True,59.94,1.0,derecha,29.41,0.00815,label_studio
00198_cfr,CRECER,0.0,0.884,0.884,0.708,auto,C:\Users\dell\Documents\TIC\Codigo_TIC\videos\CRECER\00198_cfr.mp4,True,59.94,1.0,derecha,26.95,0.00859,label_studio
00199_cfr,CRECER,0.0,0.901,0.901,0.633,auto,C:\Users\dell\Documents\TIC\Codigo_TIC\videos\CRECER\00199_cfr.mp4,True,59.94,1.0,derecha,29.32,0.00876,label_studio
00200_cfr,CRECER,0.2,1.168,0.968,0.529,auto,C:\Users\dell\Documents\TIC\Codigo_TIC\videos\CRECER\00200_cfr.mp4,True,59.94,1.0,derecha,26.42,0.00833,label_studio
00201_cfr,CRECER,0.267,1.101,0.834,0.814,auto,C:\Users\dell\Documents\TIC\Codigo_TIC\videos\CRECER\00201_cfr.mp4,True,59.94,1.0,derecha,27.98,0.00711,label_studio
00202_cfr,CRISIS,0.217,1.985,1.768,0.437,auto,C:\Users\dell\Documents\TIC\Codigo_TIC\videos\CRISIS\00202_cfr.mp4,True,59.94,1.0,ambas_izq,20.33,0.01016,label_studio
20250402115557_cfr,CUALQUIER,0.167,1.418,1.251,0.662,auto,C:\Users\dell\Documents\TIC\Codigo_TIC\videos\CUALQUIER\20250402115557_cfr.mp4,True,59.94,1.0,ambas_der,15.62,0.01338,label_studio
20250402115613_cfr,CUALQUIER,0.0,1.084,1.084,0.661,auto,C:\Users\dell\Documents\TIC\Codigo_TIC\videos\CUALQUIER\20250402115613_cfr.mp4,True,59.94,1.0,ambas_izq,16.17,0.01293,label_studio
20250402115630_cfr,CUALQUIER,0.067,1.552,1.485,0.537,auto,C:\Users\dell\Documents\TIC\Codigo_TIC\videos\CUALQUIER\20250402115630_cfr.mp4,True,59.94,1.0,ambas_izq,16.45,0.01021,label_studio
20250402115641_cfr,CUALQUIER,0.05,1.485,1.435,0.434,auto,C:\Users\dell\Documents\TIC\Codigo_TIC\videos\CUALQUIER\20250402115641_cfr.mp4,True,59.94,1.0,ambas_der,17.12,0.00787,label_studio
20250402120106_cfr,CUALQUIER COSA,0.0,1.802,1.802,0.398,auto,C:\Users\dell\Documents\TIC\Codigo_TIC\videos\CUALQUIER COSA\20250402120106_cfr.mp4,True,59.94,1.0,ambas_der,17.11,0.00792,label_studio
_cfr,CUALQUIER COSA,0.0,1.983,1.983,1.0,auto,C:\Users\dell\Documents\TIC\Codigo_TIC\videos\CUALQUIER COSA\_cfr.mp4,True,60.0,1.0,ambas_der,13.75,0.00729,label_studio
20250402120037_cfr,CUALQUIERA+UNO,0.0,1.485,1.485,0.368,auto,C:\Users\dell\Documents\TIC\Codigo_TIC\videos\CUALQUIERA+UNO\20250402120037_cfr.mp4,True,59.94,1.0,ambas_der,14.62,0.00697,label_studio
00206_cfr,CUARTO EN LA LISTA,0.0,1.485,1.485,0.444,auto,C:\Users\dell\Documents\TIC\Codigo_TIC\videos\CUARTO EN LA LISTA\00206_cfr.mp4,True,59.94,1.0,ambas_der,24.47,0.00827,label_studio
00207_cfr,CUARTO EN LA LISTA,0.0,0.434,0.434,1.0,auto,C:\Users\dell\Documents\TIC\Codigo_TIC\videos\CUARTO EN LA LISTA\00207_cfr.mp4,True,59.94,1.0,ambas_izq,28.08,0.01413,label_studio
00209_cfr,CUATRO DÓLARES,0.0,1.985,1.985,0.422,auto,C:\Users\dell\Documents\TIC\Codigo_TIC\videos\CUATRO DÓLARES\00209_cfr.mp4,True,59.94,1.0,ambas_der,23.61,0.00754,label_studio
00210_cfr,CUATRO DÓLARES,0.0,1.485,1.485,0.36,auto,C:\Users\dell\Documents\TIC\Codigo_TIC\videos\CUATRO DÓLARES\00210_cfr.mp4,True,59.94,1.0,derecha,22.25,0.0078,label_studio
00211_cfr,CUATRO DÓLARES,0.0,0.984,0.984,0.379,auto,C:\Users\dell\Documents\TIC\Codigo_TIC\videos\CUATRO DÓLARES\00211_cfr.mp4,True,59.94,1.0,derecha,25.3,0.00425,label_studio
00212_cfr,CUATRO DÓLARES,0.033,1.869,1.836,0.447,auto,C:\Users\dell\Documents\TIC\Codigo_TIC\videos\CUATRO DÓLARES\00212_cfr.mp4,True,59.94,1.0,derecha,23.32,0.00886,label_studio
00214_cfr,CUELLO,0.0,0.717,0.717,0.462,auto,C:\Users\dell\Documents\TIC\Codigo_TIC\videos\CUELLO\00214_cfr.mp4,True,59.94,1.0,derecha,21.93,0.00517,label_studio
00215_cfr,CUERPO,0.0,0.834,0.834,0.609,auto,C:\Users\dell\Documents\TIC\Codigo_TIC\videos\CUERPO\00215_cfr.mp4,True,59.94,1.0,ambas_izq,26.91,0.0114,label_studio
00217_cfr,CULPA,0.0,1.335,1.335,0.442,auto,C:\Users\dell\Documents\TIC\Codigo_TIC\videos\CULPA\00217_cfr.mp4,True,59.94,1.0,ambas_izq,20.35,0.00858,label_studio
00218_cfr,CULPA,0.0,1.485,1.485,0.31,auto,C:\Users\dell\Documents\TIC\Codigo_TIC\videos\CULPA\00218_cfr.mp4,True,59.94,1.0,derecha,21.73,0.00651,label_studio
00219_cfr,CULPABLE,0.0,1.485,1.485,0.461,auto,C:\Users\dell\Documents\TIC\Codigo_TIC\videos\CULPABLE\00219_cfr.mp4,True,59.94,1.0,derecha,24.02,0.00954,label_studio
00220_cfr,CULPABLE,0.0,1.051,1.051,0.509,auto,C:\Users\dell\Documents\TIC\Codigo_TIC\videos\CULPABLE\00220_cfr.mp4,True,59.94,1.0,derecha,22.04,0.01068,label_studio
00221_cfr,CULTURA,0.017,1.468,1.451,0.35,auto,C:\Users\dell\Documents\TIC\Codigo_TIC\videos\CULTURA\00221_cfr.mp4,True,59.94,1.0,derecha,22.86,0.00838,label_studio
00222_cfr,CULTURA,0.0,1.451,1.451,0.388,auto,C:\Users\dell\Documents\TIC\Codigo_TIC\videos\CULTURA\00222_cfr.mp4,True,59.94,1.0,derecha,26.31,0.00807,label_studio
00223_cfr,CULTURA,0.0,1.451,1.451,0.531,auto,C:\Users\dell\Documents\TIC\Codigo_TIC\videos\CULTURA\00223_cfr.mp4,True,59.94,1.0,derecha,21.64,0.00971,label_studio
00224_cfr,CULTURA,0.0,1.485,1.485,0.341,auto,C:\Users\dell\Documents\TIC\Codigo_TIC\videos\CULTURA\00224_cfr.mp4,True,59.94,1.0,derecha,17.39,0.00668,label_studio
00225_cfr,CUMPLEAÑOS,0.0,0.651,0.651,0.389,auto,C:\Users\dell\Documents\TIC\Codigo_TIC\videos\CUMPLEAÑOS\00225_cfr.mp4,True,59.94,1.0,ambas_izq,18.52,0.00802,label_studio
00204_cfr,CUÁNTOS,0.0,1.485,1.485,0.517,auto,C:\Users\dell\Documents\TIC\Codigo_TIC\videos\CUÁNTOS\00204_cfr.mp4,True,59.94,1.0,ambas_izq,24.39,0.01238,label_studio
00205_cfr,CUÁNTOS,0.0,0.701,0.701,0.447,auto,C:\Users\dell\Documents\TIC\Codigo_TIC\videos\CUÁNTOS\00205_cfr.mp4,True,59.94,1.0,ambas_der,22.53,0.0088,label_studio
C0210_cfr,CÁLIDO,2.002,2.803,0.801,1.0,auto,C:\Users\dell\Documents\TIC\Codigo_TIC\videos\CÁLIDO\C0210_cfr.mp4,True,29.97,1.0,derecha,17.79,0.00965,label_studio
C0211_cfr,CÁLIDO,0.0,2.536,2.536,0.37,auto,C:\Users\dell\Documents\TIC\Codigo_TIC\videos\CÁLIDO\C0211_cfr.mp4,True,29.97,1.0,ambas_der,16.04,0.00801,label_studio
C0390_cfr,CÁSCARAS,0.0,1.969,1.969,0.466,auto,C:\Users\dell\Documents\TIC\Codigo_TIC\videos\CÁSCARAS\C0390_cfr.mp4,True,29.97,1.0,ambas_der,17.0,0.01055,label_studio
C0391_cfr,CÁSCARAS,0.0,1.468,1.468,0.432,auto,C:\Users\dell\Documents\TIC\Codigo_TIC\videos\CÁSCARAS\C0391_cfr.mp4,True,29.97,1.0,derecha,18.54,0.00684,label_studio
00149_cfr,CÉSPED,0.0,1.985,1.985,0.378,auto,C:\Users\dell\Documents\TIC\Codigo_TIC\videos\CÉSPED\00149_cfr.mp4,True,59.94,1.0,ambas_der,17.6,0.00902,label_studio
00150_cfr,CÉSPED,0.751,2.152,1.401,0.429,auto,C:\Users\dell\Documents\TIC\Codigo_TIC\videos\CÉSPED\00150_cfr.mp4,True,59.94,1.0,derecha,21.66,0.00851,label_studio
C0081_cfr,D,0.083,0.868,0.785,0.55,auto,C:\Users\dell\Documents\TIC\Codigo_TIC\videos\D\C0081_cfr.mp4,True,59.94,1.0,derecha,22.8,0.00518,label_studio
C0082_cfr,DEBE,0.15,1.902,1.752,0.357,auto,C:\Users\dell\Documents\TIC\Codigo_TIC\videos\DEBE\C0082_cfr.mp4,True,59.94,1.0,derecha,22.91,0.0049,label_studio
C0083_cfr,DEBE,0.0,1.485,1.485,0.398,auto,C:\Users\dell\Documents\TIC\Codigo_TIC\videos\DEBE\C0083_cfr.mp4,True,59.94,1.0,ambas_izq,21.09,0.00868,label_studio
C0084_cfr,DEBE,0.0,1.018,1.018,0.382,auto,C:\Users\dell\Documents\TIC\Codigo_TIC\videos\DEBE\C0084_cfr.mp4,True,59.94,1.0,derecha,22.23,0.0057,label_studio
C0086_cfr,DEBERÍA,0.033,1.418,1.385,0.434,auto,C:\Users\dell\Documents\TIC\Codigo_TIC\videos\DEBERÍA\C0086_cfr.mp4,True,59.94,1.0,derecha,19.95,0.00369,label_studio
C0087_cfr,DEBERÍA,0.0,0.801,0.801,0.636,auto,C:\Users\dell\Documents\TIC\Codigo_TIC\videos\DEBERÍA\C0087_cfr.mp4,True,59.94,1.0,derecha,20.94,0.00538,label_studio
C0088_cfr,DEBERÍA,0.05,1.485,1.435,0.398,auto,C:\Users\dell\Documents\TIC\Codigo_TIC\videos\DEBERÍA\C0088_cfr.mp4,True,59.94,1.0,derecha,19.27,0.00383,label_studio
C0002_cfr,DECEPCIONAR,0.0,1.301,1.301,0.382,auto,C:\Users\dell\Documents\TIC\Codigo_TIC\videos\DECEPCIONAR\C0002_cfr.mp4,True,29.97,1.0,ambas_der,21.76,0.00618,label_studio
C0004_cfr,DECIDIR,0.0,1.735,1.735,0.776,auto,C:\Users\dell\Documents\TIC\Codigo_TIC\videos\DECIDIR\C0004_cfr.mp4,True,29.97,1.0,derecha,19.63,0.01164,label_studio
C0005_cfr,DECIDIR,0.067,1.435,1.368,0.824,auto,C:\Users\dell\Documents\TIC\Codigo_TIC\videos\DECIDIR\C0005_cfr.mp4,True,29.97,1.0,ambas_der,17.59,0.01106,label_studio
C0006_cfr,DECIDIR,0.0,1.468,1.468,0.651,auto,C:\Users\dell\Documents\TIC\Codigo_TIC\videos\DECIDIR\C0006_cfr.mp4,True,29.97,1.0,derecha,18.03,0.01206,label_studio
C0007_cfr,DECORAR,0.0,1.468,1.468,0.867,auto,C:\Users\dell\Documents\TIC\Codigo_TIC\videos\DECORAR\C0007_cfr.mp4,True,29.97,1.0,izquierda,18.52,0.01887,label_studio
C0008_cfr,DECORAR,0.0,1.468,1.468,0.886,auto,C:\Users\dell\Documents\TIC\Codigo_TIC\videos\DECORAR\C0008_cfr.mp4,True,29.97,1.0,ambas_der,16.39,0.01986,label_studio
C0009_cfr,DECORAR,0.0,1.468,1.468,0.302,auto,C:\Users\dell\Documents\TIC\Codigo_TIC\videos\DECORAR\C0009_cfr.mp4,True,29.97,1.0,ambas_der,19.22,0.00685,label_studio
C0010_cfr,DEJAR,0.0,1.468,1.468,0.455,auto,C:\Users\dell\Documents\TIC\Codigo_TIC\videos\DEJAR\C0010_cfr.mp4,True,29.97,1.0,derecha,22.32,0.01076,label_studio
C0011_cfr,DEJAR,0.0,1.468,1.468,0.619,auto,C:\Users\dell\Documents\TIC\Codigo_TIC\videos\DEJAR\C0011_cfr.mp4,True,29.97,1.0,derecha,20.1,0.0124,label_studio
C0012_cfr,DEJAR,0.0,0.968,0.968,0.667,auto,C:\Users\dell\Documents\TIC\Codigo_TIC\videos\DEJAR\C0012_cfr.mp4,True,29.97,1.0,derecha,20.46,0.01018,label_studio
C0013_cfr,DEJAR,0.0,1.435,1.435,0.85,auto,C:\Users\dell\Documents\TIC\Codigo_TIC\videos\DEJAR\C0013_cfr.mp4,True,29.97,1.0,ambas_izq,21.03,0.0187,label_studio
C0090_cfr,DELICIOSO,0.0,1.985,1.985,0.331,auto,C:\Users\dell\Documents\TIC\Codigo_TIC\videos\DELICIOSO\C0090_cfr.mp4,True,59.94,1.0,derecha,23.38,0.00367,label_studio
C0014_cfr,DEMÓCRATA,0.0,0.968,0.968,0.567,auto,C:\Users\dell\Documents\TIC\Codigo_TIC\videos\DEMÓCRATA\C0014_cfr.mp4,True,29.97,1.0,ambas_izq,25.73,0.00936,label_studio
C0015_cfr,DEMÓCRATA,0.0,1.468,1.468,0.674,auto,C:\Users\dell\Documents\TIC\Codigo_TIC\videos\DEMÓCRATA\C0015_cfr.mp4,True,29.97,1.0,ambas_der,23.46,0.01622,label_studio
C0017_cfr,DEPRIMIR,0.0,0.367,0.367,1.0,auto,C:\Users\dell\Documents\TIC\Codigo_TIC\videos\DEPRIMIR\C0017_cfr.mp4,True,29.97,1.0,ambas_izq,23.52,0.01831,label_studio
C0018_cfr,DERROTAR,0.0,0.968,0.968,0.621,auto,C:\Users\dell\Documents\TIC\Codigo_TIC\videos\DERROTAR\C0018_cfr.mp4,True,29.97,1.0,derecha,23.09,0.00646,label_studio
C0019_cfr,DERROTAR,0.0,0.968,0.968,0.367,auto,C:\Users\dell\Documents\TIC\Codigo_TIC\videos\DERROTAR\C0019_cfr.mp4,True,29.97,1.0,derecha,29.1,0.00485,label_studio
C0183_cfr,DESACUERDO,0.0,1.301,1.301,0.75,auto,C:\Users\dell\Documents\TIC\Codigo_TIC\videos\DESACUERDO\C0183_cfr.mp4,True,29.97,1.0,ambas_izq,14.19,0.01228,label_studio
C0021_cfr,DESAFÍO,0.0,1.969,1.969,0.3,auto,C:\Users\dell\Documents\TIC\Codigo_TIC\videos\DESAFÍO\C0021_cfr.mp4,True,29.97,1.0,derecha,20.51,0.00732,label_studio
C0023_cfr,DESAPARECIDO,0.0,0.968,0.968,0.4,auto,C:\Users\dell\Documents\TIC\Codigo_TIC\videos\DESAPARECIDO\C0023_cfr.mp4,True,29.97,1.0,derecha,23.86,0.00881,label_studio
C0024_cfr,DESAPARECIDO,0.634,0.968,0.334,1.0,auto,C:\Users\dell\Documents\TIC\Codigo_TIC\videos\DESAPARECIDO\C0024_cfr.mp4,True,29.97,1.0,izquierda,22.46,0.0153,label_studio
C0025_cfr,DESAPARECIDO,0.0,0.968,0.968,0.4,auto,C:\Users\dell\Documents\TIC\Codigo_TIC\videos\DESAPARECIDO\C0025_cfr.mp4,True,29.97,1.0,ambas_der,25.0,0.01055,label_studio
C0027_cfr,DESAYUNO,0.0,1.468,1.468,0.488,auto,C:\Users\dell\Documents\TIC\Codigo_TIC\videos\DESAYUNO\C0027_cfr.mp4,True,29.97,1.0,derecha,20.83,0.00804,label_studio
C0399_cfr,DESCANSAR,0.0,1.902,1.902,0.434,auto,C:\Users\dell\Documents\TIC\Codigo_TIC\videos\DESCANSAR\C0399_cfr.mp4,True,29.97,1.0,ambas_izq,17.6,0.01257,label_studio
C0400_cfr,DESCANSAR,0.2,0.801,0.601,0.35,auto,C:\Users\dell\Documents\TIC\Codigo_TIC\videos\DESCANSAR\C0400_cfr.mp4,True,29.97,1.0,izquierda,16.43,0.00198,label_studio
C0401_cfr,DESCANSAR,0.0,1.468,1.468,0.326,auto,C:\Users\dell\Documents\TIC\Codigo_TIC\videos\DESCANSAR\C0401_cfr.mp4,True,29.97,1.0,ambas_izq,13.56,0.0074,label_studio
00116_cfr,DESCOMPONER,0.0,2.653,2.653,0.545,auto,C:\Users\dell\Documents\TIC\Codigo_TIC\videos\DESCOMPONER\00116_cfr.mp4,True,59.94,1.0,ambas_izq,27.62,0.01088,label_studio
00117_cfr,DESCOMPONER,0.0,1.752,1.752,0.636,auto,C:\Users\dell\Documents\TIC\Codigo_TIC\videos\DESCOMPONER\00117_cfr.mp4,True,59.94,0.981,derecha,26.48,0.01045,label_studio
00118_cfr,DESCOMPONER,0.484,2.486,2.002,0.646,auto,C:\Users\dell\Documents\TIC\Codigo_TIC\videos\DESCOMPONER\00118_cfr.mp4,True,59.94,1.0,ambas_izq,27.64,0.01042,label_studio
C0212_cfr,DESEAR,0.167,1.602,1.435,0.472,auto,C:\Users\dell\Documents\TIC\Codigo_TIC\videos\DESEAR\C0212_cfr.mp4,True,29.97,1.0,derecha,16.08,0.00573,label_studio
C0402_cfr,DESMAYARSE,0.267,1.969,1.702,0.522,auto,C:\Users\dell\Documents\TIC\Codigo_TIC\videos\DESMAYARSE\C0402_cfr.mp4,True,29.97,1.0,derecha,12.89,0.01039,label_studio
C0403_cfr,DESMAYARSE,0.0,1.969,1.969,0.317,auto,C:\Users\dell\Documents\TIC\Codigo_TIC\videos\DESMAYARSE\C0403_cfr.mp4,True,29.97,1.0,derecha,20.22,0.00621,label_studio
C0404_cfr,DESMAYARSE,0.0,2.97,2.97,0.409,auto,C:\Users\dell\Documents\TIC\Codigo_TIC\videos\DESMAYARSE\C0404_cfr.mp4,True,29.97,1.0,ambas_der,18.85,0.00904,label_studio
C0028_cfr,DESORDENADO,0.0,1.468,1.468,0.643,auto,C:\Users\dell\Documents\TIC\Codigo_TIC\videos\DESORDENADO\C0028_cfr.mp4,True,29.97,1.0,izquierda,23.63,0.00991,label_studio
C0029_cfr,DESORDENADO,0.0,1.468,1.468,0.636,auto,C:\Users\dell\Documents\TIC\Codigo_TIC\videos\DESORDENADO\C0029_cfr.mp4,True,29.97,1.0,ambas_der,20.34,0.01236,label_studio
C0031_cfr,DESPEDIDO,0.067,0.4,0.333,1.0,auto,C:\Users\dell\Documents\TIC\Codigo_TIC\videos\DESPEDIDO\C0031_cfr.mp4,True,29.97,1.0,derecha,26.48,0.00261,label_studio
C0032_cfr,DESPEDIDO,0.0,1.468,1.468,0.674,auto,C:\Users\dell\Documents\TIC\Codigo_TIC\videos\DESPEDIDO\C0032_cfr.mp4,True,29.97,1.0,ambas_der,23.65,0.01708,label_studio
C0093_cfr,DESPEDIR,0.0,1.485,1.485,0.367,auto,C:\Users\dell\Documents\TIC\Codigo_TIC\videos\DESPEDIR\C0093_cfr.mp4,True,59.94,1.0,ambas_izq,23.87,0.00867,label_studio
C0405_cfr,DESPUÉS DE LA ESCUELA,0.0,1.969,1.969,0.763,auto,C:\Users\dell\Documents\TIC\Codigo_TIC\videos\DESPUÉS DE LA ESCUELA\C0405_cfr.mp4,True,29.97,1.0,ambas_der,16.96,0.0132,label_studio
C0406_cfr,DESPUÉS DE LA ESCUELA,0.0,1.401,1.401,0.595,auto,C:\Users\dell\Documents\TIC\Codigo_TIC\videos\DESPUÉS DE LA ESCUELA\C0406_cfr.mp4,True,29.97,1.0,ambas_izq,16.07,0.00982,label_studio
C0033_cfr,DESTRUIR,0.0,1.468,1.468,0.682,auto,C:\Users\dell\Documents\TIC\Codigo_TIC\videos\DESTRUIR\C0033_cfr.mp4,True,29.97,1.0,derecha,22.36,0.01287,label_studio
C0034_cfr,DESTRUIR,0.0,1.468,1.468,0.591,auto,C:\Users\dell\Documents\TIC\Codigo_TIC\videos\DESTRUIR\C0034_cfr.mp4,True,29.97,1.0,derecha,22.67,0.01432,label_studio
C0035_cfr,DESTRUIR,0.0,1.401,1.401,1.0,auto,C:\Users\dell\Documents\TIC\Codigo_TIC\videos\DESTRUIR\C0035_cfr.mp4,True,29.97,1.0,derecha,23.01,0.02064,label_studio
C0038_cfr,DIADEMA_2,0.0,1.468,1.468,0.556,auto,C:\Users\dell\Documents\TIC\Codigo_TIC\videos\DIADEMA_2\C0038_cfr.mp4,True,29.97,1.0,ambas_izq,22.99,0.01507,label_studio
C0247_cfr,DIFÍCIL,0.0,1.435,1.435,0.513,auto,C:\Users\dell\Documents\TIC\Codigo_TIC\videos\DIFÍCIL\C0247_cfr.mp4,True,29.97,1.0,derecha,12.93,0.01175,label_studio
C0408_cfr,DINERO,1.001,1.468,0.467,1.0,auto,C:\Users\dell\Documents\TIC\Codigo_TIC\videos\DINERO\C0408_cfr.mp4,True,29.97,1.0,derecha,14.6,0.0098,label_studio
C0096_cfr,DIRECTO,0.25,1.001,0.751,0.711,auto,C:\Users\dell\Documents\TIC\Codigo_TIC\videos\DIRECTO\C0096_cfr.mp4,True,59.94,1.0,derecha,18.44,0.01232,label_studio
C0098_cfr,DIRECTO,0.033,1.485,1.452,0.393,auto,C:\Users\dell\Documents\TIC\Codigo_TIC\videos\DIRECTO\C0098_cfr.mp4,True,59.94,1.0,derecha,17.7,0.00527,label_studio
C0099_cfr,DIRECTO,0.117,1.985,1.868,0.56,auto,C:\Users\dell\Documents\TIC\Codigo_TIC\videos\DIRECTO\C0099_cfr.mp4,True,59.94,1.0,derecha,19.37,0.00505,label_studio
C0039_cfr,DISCO VOLADOR,0.0,1.468,1.468,0.767,auto,C:\Users\dell\Documents\TIC\Codigo_TIC\videos\DISCO VOLADOR\C0039_cfr.mp4,True,29.97,1.0,derecha,23.46,0.01508,label_studio
C0040_cfr,DISCO VOLADOR,0.0,1.468,1.468,0.756,auto,C:\Users\dell\Documents\TIC\Codigo_TIC\videos\DISCO VOLADOR\C0040_cfr.mp4,True,29.97,1.0,derecha,23.1,0.01151,label_studio
C0041_cfr,DISCO VOLADOR,0.0,0.968,0.968,0.786,auto,C:\Users\dell\Documents\TIC\Codigo_TIC\videos\DISCO VOLADOR\C0041_cfr.mp4,True,29.97,1.0,derecha,23.14,0.01341,label_studio
C0042_cfr,DISTRIBUIR,0.0,1.468,1.468,0.75,auto,C:\Users\dell\Documents\TIC\Codigo_TIC\videos\DISTRIBUIR\C0042_cfr.mp4,True,29.97,1.0,derecha,25.19,0.01481,label_studio
C0044_cfr,DIVERTIDO,0.0,0.501,0.501,0.889,auto,C:\Users\dell\Documents\TIC\Codigo_TIC\videos\DIVERTIDO\C0044_cfr.mp4,True,29.97,1.0,ambas_izq,19.57,0.00427,label_studio
C0258_cfr,DOBLAR,0.0,1.635,1.635,0.795,auto,C:\Users\dell\Documents\TIC\Codigo_TIC\videos\DOBLAR\C0258_cfr.mp4,True,29.97,1.0,ambas_izq,14.72,0.01734,label_studio
C0236_cfr,DOCE+MEDIO,0.0,1.335,1.335,0.946,auto,C:\Users\dell\Documents\TIC\Codigo_TIC\videos\DOCE+MEDIO\C0236_cfr.mp4,True,29.97,1.0,ambas_izq,13.52,0.02182,label_studio
C0100_cfr,DOCTOR,0.0,0.317,0.317,1.0,auto,C:\Users\dell\Documents\TIC\Codigo_TIC\videos\DOCTOR\C0100_cfr.mp4,True,59.94,1.0,ambas_der,16.24,0.01572,label_studio
C0045_cfr,DOLOR,0.1,0.434,0.334,1.0,auto,C:\Users\dell\Documents\TIC\Codigo_TIC\videos\DOLOR\C0045_cfr.mp4,True,29.97,1.0,ambas_izq,17.6,0.00759,label_studio
C0046_cfr,DOLOR,0.0,1.969,1.969,0.881,auto,C:\Users\dell\Documents\TIC\Codigo_TIC\videos\DOLOR\C0046_cfr.mp4,True,29.97,1.0,ambas_izq,18.06,0.02775,label_studio
C0047_cfr,DOLOR,0.033,0.367,0.334,1.0,auto,C:\Users\dell\Documents\TIC\Codigo_TIC\videos\DOLOR\C0047_cfr.mp4,True,29.97,1.0,izquierda,22.56,0.0062,label_studio
C0101_cfr,DOMINGO,0.0,0.334,0.334,1.0,auto,C:\Users\dell\Documents\TIC\Codigo_TIC\videos\DOMINGO\C0101_cfr.mp4,True,59.94,1.0,derecha,14.47,0.01125,label_studio
C0102_cfr,DORMIR,0.284,0.701,0.417,1.0,auto,C:\Users\dell\Documents\TIC\Codigo_TIC\videos\DORMIR\C0102_cfr.mp4,True,59.94,1.0,ambas_izq,15.37,0.02022,label_studio
C0409_cfr,DORMIR DEMASIADO,0.0,2.469,2.469,0.733,auto,C:\Users\dell\Documents\TIC\Codigo_TIC\videos\DORMIR DEMASIADO\C0409_cfr.mp4,True,29.97,1.0,derecha,14.11,0.01453,label_studio
C0410_cfr,DORMIR DEMASIADO,0.0,1.969,1.969,0.625,auto,C:\Users\dell\Documents\TIC\Codigo_TIC\videos\DORMIR DEMASIADO\C0410_cfr.mp4,True,29.97,1.0,ambas_izq,14.1,0.01489,label_studio
C0232_cfr,DOS VECES,0.0,1.401,1.401,0.718,auto,C:\Users\dell\Documents\TIC\Codigo_TIC\videos\DOS VECES\C0232_cfr.mp4,True,29.97,1.0,ambas_izq,12.48,0.01625,label_studio
C0230_cfr,DOSCIENTOS,0.067,1.068,1.001,0.696,auto,C:\Users\dell\Documents\TIC\Codigo_TIC\videos\DOSCIENTOS\C0230_cfr.mp4,True,29.97,1.0,derecha,14.61,0.01033,label_studio
C0231_cfr,DOSCIENTOS,0.0,1.435,1.435,0.425,auto,C:\Users\dell\Documents\TIC\Codigo_TIC\videos\DOSCIENTOS\C0231_cfr.mp4,True,29.97,1.0,derecha,14.28,0.01137,label_studio
C0048_cfr,DROGAS,0.0,0.968,0.968,0.621,auto,C:\Users\dell\Documents\TIC\Codigo_TIC\videos\DROGAS\C0048_cfr.mp4,True,29.97,1.0,derecha,20.92,0.01043,label_studio
C0049_cfr,DROGAS,0.0,1.134,1.134,0.516,auto,C:\Users\dell\Documents\TIC\Codigo_TIC\videos\DROGAS\C0049_cfr.mp4,True,29.97,1.0,ambas_der,18.8,0.00906,label_studio
C0050_cfr,DROGAS,0.467,1.969,1.502,0.619,auto,C:\Users\dell\Documents\TIC\Codigo_TIC\videos\DROGAS\C0050_cfr.mp4,True,29.97,1.0,ambas_izq,19.84,0.01823,label_studio
C0411_cfr,DUDA,0.0,1.335,1.335,0.432,auto,C:\Users\dell\Documents\TIC\Codigo_TIC\videos\DUDA\C0411_cfr.mp4,True,29.97,1.0,ambas_izq,16.72,0.00743,label_studio
C0412_cfr,DUDA,0.0,1.468,1.468,0.4,auto,C:\Users\dell\Documents\TIC\Codigo_TIC\videos\DUDA\C0412_cfr.mp4,True,29.97,1.0,izquierda,18.43,0.00733,label_studio
C0237_cfr,DÓLAR,0.0,1.101,1.101,0.6,auto,C:\Users\dell\Documents\TIC\Codigo_TIC\videos\DÓLAR\C0237_cfr.mp4,True,29.97,1.0,ambas_der,15.63,0.01295,label_studio
C0052_cfr,EDAD-SEIS+MITAD,0.0,2.469,2.469,0.438,auto,C:\Users\dell\Documents\TIC\Codigo_TIC\videos\EDAD-SEIS+MITAD\C0052_cfr.mp4,True,29.97,1.0,derecha,22.53,0.00876,label_studio
C0413_cfr,EDUCADO,0.0,1.468,1.468,0.738,auto,C:\Users\dell\Documents\TIC\Codigo_TIC\videos\EDUCADO\C0413_cfr.mp4,True,29.97,1.0,derecha,16.65,0.0094,label_studio
C0414_cfr,EDUCADO,0.0,1.201,1.201,0.697,auto,C:\Users\dell\Documents\TIC\Codigo_TIC\videos\EDUCADO\C0414_cfr.mp4,True,29.97,1.0,derecha,16.03,0.00879,label_studio
C0196_cfr,EJERCICIO,0.0,1.902,1.902,0.611,auto,C:\Users\dell\Documents\TIC\Codigo_TIC\videos\EJERCICIO\C0196_cfr.mp4,True,29.97,1.0,ambas_der,14.86,0.01304,label_studio
C0053_cfr,EL AÑO PASADO,0.0,1.468,1.468,0.8,auto,C:\Users\dell\Documents\TIC\Codigo_TIC\videos\EL AÑO PASADO\C0053_cfr.mp4,True,29.97,1.0,derecha,21.05,0.01021,label_studio
C0054_cfr,EL AÑO PASADO,0.0,1.468,1.468,0.422,auto,C:\Users\dell\Documents\TIC\Codigo_TIC\videos\EL AÑO PASADO\C0054_cfr.mp4,True,29.97,1.0,derecha,19.83,0.00562,label_studio
C0055_cfr,EL AÑO PASADO,0.0,1.468,1.468,0.419,auto,C:\Users\dell\Documents\TIC\Codigo_TIC\videos\EL AÑO PASADO\C0055_cfr.mp4,True,29.97,1.0,derecha,21.99,0.00695,label_studio
C0415_cfr,EL AÑO PASADO,0.0,1.969,1.969,0.828,auto,C:\Users\dell\Documents\TIC\Codigo_TIC\videos\EL AÑO PASADO\C0415_cfr.mp4,True,29.97,1.0,derecha,16.55,0.01275,label_studio
C0416_cfr,EL AÑO PASADO,0.0,1.468,1.468,0.844,auto,C:\Users\dell\Documents\TIC\Codigo_TIC\videos\EL AÑO PASADO\C0416_cfr.mp4,True,29.97,1.0,derecha,14.45,0.0149,label_studio
C0056_cfr,ELEGANTE,0.2,0.801,0.601,0.35,auto,C:\Users\dell\Documents\TIC\Codigo_TIC\videos\ELEGANTE\C0056_cfr.mp4,True,29.97,1.0,derecha,25.36,0.00152,label_studio
C0057_cfr,ELEGANTE,0.0,1.468,1.468,0.318,auto,C:\Users\dell\Documents\TIC\Codigo_TIC\videos\ELEGANTE\C0057_cfr.mp4,True,29.97,1.0,derecha,26.11,0.0039,label_studio
C0058_cfr,ELEGANTE,0.0,1.268,1.268,0.576,auto,C:\Users\dell\Documents\TIC\Codigo_TIC\videos\ELEGANTE\C0058_cfr.mp4,True,29.97,1.0,derecha,21.59,0.00738,label_studio
C0059_cfr,ELEGANTE,1.001,1.468,0.467,1.0,auto,C:\Users\dell\Documents\TIC\Codigo_TIC\videos\ELEGANTE\C0059_cfr.mp4,True,29.97,1.0,derecha,16.72,0.00869,label_studio
C0060_cfr,ELEGIR,0.0,1.468,1.468,0.524,auto,C:\Users\dell\Documents\TIC\Codigo_TIC\videos\ELEGIR\C0060_cfr.mp4,True,29.97,1.0,derecha,20.64,0.00777,label_studio
C0061_cfr,ELEGIR,0.0,0.968,0.968,0.5,auto,C:\Users\dell\Documents\TIC\Codigo_TIC\videos\ELEGIR\C0061_cfr.mp4,True,29.97,1.0,derecha,22.71,0.00666,label_studio
C0062_cfr,ELEGIR,0.033,1.468,1.435,0.6,auto,C:\Users\dell\Documents\TIC\Codigo_TIC\videos\ELEGIR\C0062_cfr.mp4,True,29.97,1.0,derecha,21.1,0.0081,label_studio
C0417_cfr,ELEMENTAL,0.0,1.468,1.468,0.545,auto,C:\Users\dell\Documents\TIC\Codigo_TIC\videos\ELEMENTAL\C0417_cfr.mp4,True,29.97,1.0,derecha,16.63,0.01469,label_studio
C0418_cfr,ELEMENTAL,0.0,1.468,1.468,0.659,auto,C:\Users\dell\Documents\TIC\Codigo_TIC\videos\ELEMENTAL\C0418_cfr.mp4,True,29.97,1.0,ambas_der,16.8,0.01705,label_studio
C0065_cfr,EMERGENCIA,0.0,0.567,0.567,1.0,auto,C:\Users\dell\Documents\TIC\Codigo_TIC\videos\EMERGENCIA\C0065_cfr.mp4,True,29.97,1.0,derecha,19.93,0.02162,label_studio
C0419_cfr,EMPEZAR,0.0,0.968,0.968,0.607,auto,C:\Users\dell\Documents\TIC\Codigo_TIC\videos\EMPEZAR\C0419_cfr.mp4,True,29.97,1.0,ambas_der,14.44,0.01981,label_studio
C0420_cfr,EMPEZAR,0.0,0.968,0.968,0.6,auto,C:\Users\dell\Documents\TIC\Codigo_TIC\videos\EMPEZAR\C0420_cfr.mp4,True,29.97,1.0,izquierda,13.18,0.01559,label_studio
20250402120448_cfr,EN CUALQUIER MOMENTO,0.0,1.985,1.985,0.331,auto,C:\Users\dell\Documents\TIC\Codigo_TIC\videos\EN CUALQUIER MOMENTO\20250402120448_cfr.mp4,True,59.94,1.0,ambas_der,16.64,0.0062,label_studio
C0066_cfr,ENAMORARSE,0.0,1.969,1.969,0.397,auto,C:\Users\dell\Documents\TIC\Codigo_TIC\videos\ENAMORARSE\C0066_cfr.mp4,True,29.97,1.0,derecha,23.71,0.00798,label_studio
C0067_cfr,ENAMORARSE,0.0,2.469,2.469,0.306,auto,C:\Users\dell\Documents\TIC\Codigo_TIC\videos\ENAMORARSE\C0067_cfr.mp4,True,29.97,1.0,ambas_der,21.4,0.00996,label_studio
C0073_cfr,ENGORGAR,0.0,0.934,0.934,0.48,auto,C:\Users\dell\Documents\TIC\Codigo_TIC\videos\ENGORGAR\C0073_cfr.mp4,True,29.97,1.0,ambas_izq,16.61,0.01351,label_studio
C0074_cfr,ENGORGAR,0.0,1.969,1.969,0.362,auto,C:\Users\dell\Documents\TIC\Codigo_TIC\videos\ENGORGAR\C0074_cfr.mp4,True,29.97,1.0,izquierda,21.23,0.00592,label_studio
C0075_cfr,ENGORGAR,0.0,1.969,1.969,0.464,auto,C:\Users\dell\Documents\TIC\Codigo_TIC\videos\ENGORGAR\C0075_cfr.mp4,True,29.97,1.0,ambas_izq,19.78,0.01179,label_studio
20250402115405_cfr,ENOJADO,0.484,0.934,0.45,0.95,auto,C:\Users\dell\Documents\TIC\Codigo_TIC\videos\ENOJADO\20250402115405_cfr.mp4,True,59.94,1.0,derecha,15.35,0.00987,label_studio
20250402115415_cfr,ENOJADO,0.667,1.018,0.351,1.0,auto,C:\Users\dell\Documents\TIC\Codigo_TIC\videos\ENOJADO\20250402115415_cfr.mp4,True,59.94,1.0,derecha,15.34,0.00791,label_studio
20250402115445_cfr,ENOJADO,0.083,0.384,0.301,1.0,auto,C:\Users\dell\Documents\TIC\Codigo_TIC\videos\ENOJADO\20250402115445_cfr.mp4,True,59.94,1.0,derecha,14.75,0.01009,label_studio
20250402115456_cfr,ENOJADO,0.15,1.335,1.185,0.562,auto,C:\Users\dell\Documents\TIC\Codigo_TIC\videos\ENOJADO\20250402115456_cfr.mp4,True,59.94,1.0,derecha,16.31,0.00832,label_studio
C0076_cfr,ENTRA,0.0,0.634,0.634,0.625,auto,C:\Users\dell\Documents\TIC\Codigo_TIC\videos\ENTRA\C0076_cfr.mp4,True,29.97,1.0,derecha,18.85,0.00594,label_studio
C0077_cfr,ENTRA,0.0,0.968,0.968,0.433,auto,C:\Users\dell\Documents\TIC\Codigo_TIC\videos\ENTRA\C0077_cfr.mp4,True,29.97,1.0,derecha,16.61,0.00775,label_studio
C0079_cfr,ENTREVISTA,0.0,1.468,1.468,0.444,auto,C:\Users\dell\Documents\TIC\Codigo_TIC\videos\ENTREVISTA\C0079_cfr.mp4,True,29.97,1.0,ambas_der,15.87,0.01114,label_studio
C0080_cfr,ENTREVISTA,0.0,1.468,1.468,0.356,auto,C:\Users\dell\Documents\TIC\Codigo_TIC\videos\ENTREVISTA\C0080_cfr.mp4,True,29.97,1.0,izquierda,16.59,0.00993,label_studio
C0266_cfr,EQUIPO,1.001,1.468,0.467,1.0,auto,C:\Users\dell\Documents\TIC\Codigo_TIC\videos\EQUIPO\C0266_cfr.mp4,True,29.97,1.0,ambas_izq,12.34,0.01983,label_studio
C0191_cfr,EQUIVOCADO,0.734,1.668,0.934,0.762,auto,C:\Users\dell\Documents\TIC\Codigo_TIC\videos\EQUIVOCADO\C0191_cfr.mp4,True,29.97,1.0,derecha,17.83,0.01302,label_studio
C0081_cfr,ERUCTAR,0.0,1.969,1.969,0.328,auto,C:\Users\dell\Documents\TIC\Codigo_TIC\videos\ERUCTAR\C0081_cfr.mp4,True,29.97,1.0,derecha,20.03,0.00482,label_studio
C0083_cfr,ERUCTAR,0.0,1.235,1.235,0.303,auto,C:\Users\dell\Documents\TIC\Codigo_TIC\videos\ERUCTAR\C0083_cfr.mp4,True,29.97,1.0,derecha,20.2,0.00246,label_studio
C0084_cfr,ESCAPAR,0.0,1.468,1.468,0.489,auto,C:\Users\dell\Documents\TIC\Codigo_TIC\videos\ESCAPAR\C0084_cfr.mp4,True,29.97,1.0,ambas_izq,18.52,0.00975,label_studio
C0085_cfr,ESCAPAR,0.0,1.468,1.468,0.622,auto,C:\Users\dell\Documents\TIC\Codigo_TIC\videos\ESCAPAR\C0085_cfr.mp4,True,29.97,1.0,ambas_der,19.82,0.01194,label_studio
C0425_cfr,ESCAPE,0.0,0.968,0.968,0.433,auto,C:\Users\dell\Documents\TIC\Codigo_TIC\videos\ESCAPE\C0425_cfr.mp4,True,29.97,1.0,derecha,14.95,0.00906,label_studio
C0426_cfr,ESCAPE,0.0,0.968,0.968,0.533,auto,C:\Users\dell\Documents\TIC\Codigo_TIC\videos\ESCAPE\C0426_cfr.mp4,True,29.97,1.0,ambas_der,15.07,0.01103,label_studio
C0427_cfr,ESCOGER,0.0,1.468,1.468,0.636,auto,C:\Users\dell\Documents\TIC\Codigo_TIC\videos\ESCOGER\C0427_cfr.mp4,True,29.97,1.0,derecha,18.02,0.0085,label_studio
C0428_cfr,ESCOGER,0.0,1.969,1.969,0.632,auto,C:\Users\dell\Documents\TIC\Codigo_TIC\videos\ESCOGER\C0428_cfr.mp4,True,29.97,1.0,derecha,15.29,0.01577,label_studio
C0429_cfr,ESCOGER,0.0,1.969,1.969,0.627,auto,C:\Users\dell\Documents\TIC\Codigo_TIC\videos\ESCOGER\C0429_cfr.mp4,True,29.97,1.0,derecha,16.99,0.00972,label_studio
C0088_cfr,ESCUCHAR,0.0,1.969,1.969,0.339,auto,C:\Users\dell\Documents\TIC\Codigo_TIC\videos\ESCUCHAR\C0088_cfr.mp4,True,29.97,1.0,derecha,17.11,0.00542,label_studio
C0089_cfr,ESCUCHAR,0.0,1.468,1.468,0.378,auto,C:\Users\dell\Documents\TIC\Codigo_TIC\videos\ESCUCHAR\C0089_cfr.mp4,True,29.97,1.0,derecha,18.52,0.00871,label_studio
C0091_cfr,ESCUCHAR,0.0,1.502,1.502,0.421,auto,C:\Users\dell\Documents\TIC\Codigo_TIC\videos\ESCUCHAR\C0091_cfr.mp4,True,29.97,1.0,derecha,17.6,0.0065,label_studio
C0092_cfr,ESCUCHAR,0.0,0.734,0.734,1.0,auto,C:\Users\dell\Documents\TIC\Codigo_TIC\videos\ESCUCHAR\C0092_cfr.mp4,True,29.97,1.0,derecha,20.4,0.01304,label_studio
C0002_cfr,ESCUCHAR+(1h)RUMBLE,0.0,0.968,0.968,0.724,auto,C:\Users\dell\Documents\TIC\Codigo_TIC\videos\ESCUCHAR+(1h)RUMBLE\C0002_cfr.mp4,True,29.97,1.0,ambas_izq,12.34,0.01555,label_studio
C0003_cfr,ESCUCHAR+(1h)RUMBLE,0.0,1.468,1.468,0.841,auto,C:\Users\dell\Documents\TIC\Codigo_TIC\videos\ESCUCHAR+(1h)RUMBLE\C0003_cfr.mp4,True,29.97,1.0,ambas_izq,9.96,0.01583,label_studio
C0004_cfr,ESCUCHAR+(1h)RUMBLE,0.367,1.935,1.568,1.0,auto,C:\Users\dell\Documents\TIC\Codigo_TIC\videos\ESCUCHAR+(1h)RUMBLE\C0004_cfr.mp4,True,29.97,1.0,ambas_izq,8.76,0.01887,label_studio
C0005_cfr,ESCUCHAR+(1h)RUMBLE,0.334,1.969,1.635,0.87,auto,C:\Users\dell\Documents\TIC\Codigo_TIC\videos\ESCUCHAR+(1h)RUMBLE\C0005_cfr.mp4,True,29.97,1.0,ambas_izq,11.71,0.02141,label_studio
C0006_cfr,ESCUCHAR+(1h)RUMBLE,0.0,0.434,0.434,1.0,auto,C:\Users\dell\Documents\TIC\Codigo_TIC\videos\ESCUCHAR+(1h)RUMBLE\C0006_cfr.mp4,True,29.97,1.0,ambas_der,13.03,0.01644,label_studio
C0007_cfr,ESCUCHAR+RUIDO,0.0,0.3,0.3,1.0,auto,C:\Users\dell\Documents\TIC\Codigo_TIC\videos\ESCUCHAR+RUIDO\C0007_cfr.mp4,True,29.97,1.0,ambas_der,11.7,0.0143,label_studio
C0009_cfr,ESCUCHAR+RUIDO,0.0,1.468,1.468,0.674,auto,C:\Users\dell\Documents\TIC\Codigo_TIC\videos\ESCUCHAR+RUIDO\C0009_cfr.mp4,True,29.97,1.0,derecha,10.08,0.00611,label_studio
C0430_cfr,ESCUELA,0.0,0.634,0.634,0.8,auto,C:\Users\dell\Documents\TIC\Codigo_TIC\videos\ESCUELA\C0430_cfr.mp4,True,29.97,1.0,ambas_der,14.72,0.00648,label_studio
C0431_cfr,ESCUELA,0.0,0.567,0.567,1.0,auto,C:\Users\dell\Documents\TIC\Codigo_TIC\videos\ESCUELA\C0431_cfr.mp4,True,29.97,1.0,ambas_izq,18.52,0.00742,label_studio
C0261_cfr,ESO,0.0,1.668,1.668,0.674,auto,C:\Users\dell\Documents\TIC\Codigo_TIC\videos\ESO\C0261_cfr.mp4,True,29.97,1.0,derecha,13.39,0.00815,label_studio
C0260_cfr,ESO ES TODO,0.0,1.902,1.902,0.808,auto,C:\Users\dell\Documents\TIC\Codigo_TIC\videos\ESO ES TODO\C0260_cfr.mp4,True,29.97,1.0,derecha,14.4,0.01791,label_studio
C0215_cfr,ESPERA UN MINUTO,0.0,2.269,2.269,0.431,auto,C:\Users\dell\Documents\TIC\Codigo_TIC\videos\ESPERA UN MINUTO\C0215_cfr.mp4,True,29.97,1.0,derecha,15.87,0.01087,label_studio
C0010_cfr,ESPERANZA,0.0,1.969,1.969,0.695,auto,C:\Users\dell\Documents\TIC\Codigo_TIC\videos\ESPERANZA\C0010_cfr.mp4,True,29.97,1.0,derecha,11.94,0.00992,label_studio
C0011_cfr,ESPERAR,0.0,0.968,0.968,0.56,auto,C:\Users\dell\Documents\TIC\Codigo_TIC\videos\ESPERAR\C0011_cfr.mp4,True,29.97,1.0,ambas_izq,11.02,0.01108,label_studio
C0012_cfr,ESPERAR,0.0,1.869,1.869,0.692,auto,C:\Users\dell\Documents\TIC\Codigo_TIC\videos\ESPERAR\C0012_cfr.mp4,True,29.97,1.0,ambas_izq,10.13,0.01211,label_studio
C0013_cfr,ESPERAR,0.0,2.536,2.536,0.718,auto,C:\Users\dell\Documents\TIC\Codigo_TIC\videos\ESPERAR\C0013_cfr.mp4,True,29.97,1.0,ambas_izq,10.94,0.0158,label_studio
C0202_cfr,ESPOSA,0.0,1.802,1.802,0.469,auto,C:\Users\dell\Documents\TIC\Codigo_TIC\videos\ESPOSA\C0202_cfr.mp4,True,29.97,1.0,derecha,15.19,0.00915,label_studio
C0432_cfr,ESTACIONAR,0.0,1.969,1.969,0.617,auto,C:\Users\dell\Documents\TIC\Codigo_TIC\videos\ESTACIONAR\C0432_cfr.mp4,True,29.97,1.0,derecha,19.24,0.01221,label_studio
C0433_cfr,ESTACIONAR,0.0,1.468,1.468,0.571,auto,C:\Users\dell\Documents\TIC\Codigo_TIC\videos\ESTACIONAR\C0433_cfr.mp4,True,29.97,1.0,ambas_der,18.69,0.01372,label_studio
C0015_cfr,ESTUDIANTE DE PRIMER AÑO,0.434,2.97,2.536,0.781,auto,C:\Users\dell\Documents\TIC\Codigo_TIC\videos\ESTUDIANTE DE PRIMER AÑO\C0015_cfr.mp4,True,29.97,1.0,ambas_der,11.24,0.021,label_studio
C0016_cfr,ESTUDIANTE DE PRIMER AÑO,0.267,2.97,2.703,0.718,auto,C:\Users\dell\Documents\TIC\Codigo_TIC\videos\ESTUDIANTE DE PRIMER AÑO\C0016_cfr.mp4,True,29.97,1.0,derecha,10.53,0.01757,label_studio
C0104_cfr,ESTÁ BIEN,0.0,1.418,1.418,0.305,auto,C:\Users\dell\Documents\TIC\Codigo_TIC\videos\ESTÁ BIEN\C0104_cfr.mp4,True,59.94,1.0,ambas_izq,25.65,0.00531,label_studio
C0106_cfr,ESTÁ BIEN,0.2,0.801,0.601,0.35,auto,C:\Users\dell\Documents\TIC\Codigo_TIC\videos\ESTÁ BIEN\C0106_cfr.mp4,True,59.94,1.0,ambas_izq,23.84,0.00046,label_studio
C0017_cfr,EXACTO,0.0,1.435,1.435,0.821,auto,C:\Users\dell\Documents\TIC\Codigo_TIC\videos\EXACTO\C0017_cfr.mp4,True,29.97,1.0,derecha,10.73,0.01469,label_studio
C0018_cfr,EXACTO,0.0,1.335,1.335,0.722,auto,C:\Users\dell\Documents\TIC\Codigo_TIC\videos\EXACTO\C0018_cfr.mp4,True,29.97,1.0,derecha,10.1,0.01398,label_studio
C0019_cfr,EXCELENTE,0.0,1.468,1.468,0.69,auto,C:\Users\dell\Documents\TIC\Codigo_TIC\videos\EXCELENTE\C0019_cfr.mp4,True,29.97,1.0,ambas_izq,9.0,0.01739,label_studio
C0020_cfr,EXCELENTE,0.0,1.468,1.468,0.667,auto,C:\Users\dell\Documents\TIC\Codigo_TIC\videos\EXCELENTE\C0020_cfr.mp4,True,29.97,1.0,ambas_izq,8.85,0.01892,label_studio
C0021_cfr,EXCELENTE,0.1,1.969,1.869,0.509,auto,C:\Users\dell\Documents\TIC\Codigo_TIC\videos\EXCELENTE\C0021_cfr.mp4,True,29.97,1.0,ambas_izq,9.73,0.01461,label_studio
C0022_cfr,EXPERIMENTO,0.067,2.469,2.402,0.646,auto,C:\Users\dell\Documents\TIC\Codigo_TIC\videos\EXPERIMENTO\C0022_cfr.mp4,True,29.97,1.0,ambas_der,8.26,0.01336,label_studio
C0023_cfr,EXPERIMENTO,0.0,1.969,1.969,0.789,auto,C:\Users\dell\Documents\TIC\Codigo_TIC\videos\EXPERIMENTO\C0023_cfr.mp4,True,29.97,1.0,ambas_izq,8.57,0.01772,label_studio
C0024_cfr,EXPERTO,0.2,1.969,1.769,1.0,auto,C:\Users\dell\Documents\TIC\Codigo_TIC\videos\EXPERTO\C0024_cfr.mp4,True,29.97,1.0,ambas_der,9.79,0.02186,label_studio
C0025_cfr,EXPERTO,0.1,1.935,1.835,0.604,auto,C:\Users\dell\Documents\TIC\Codigo_TIC\videos\EXPERTO\C0025_cfr.mp4,True,29.97,1.0,ambas_izq,10.19,0.01504,label_studio
C0026_cfr,EXPERTO,0.0,1.969,1.969,0.965,auto,C:\Users\dell\Documents\TIC\Codigo_TIC\videos\EXPERTO\C0026_cfr.mp4,True,29.97,1.0,derecha,10.53,0.02519,label_studio
C0027_cfr,EXPULSIÓN,0.467,1.969,1.502,0.571,auto,C:\Users\dell\Documents\TIC\Codigo_TIC\videos\EXPULSIÓN\C0027_cfr.mp4,True,29.97,1.0,ambas_izq,12.48,0.016,label_studio
C0028_cfr,EXPULSIÓN,0.0,1.468,1.468,0.558,auto,C:\Users\dell\Documents\TIC\Codigo_TIC\videos\EXPULSIÓN\C0028_cfr.mp4,True,29.97,1.0,ambas_izq,9.65,0.01556,label_studio
C0029_cfr,EXTRAÑO,0.0,1.468,1.468,0.512,auto,C:\Users\dell\Documents\TIC\Codigo_TIC\videos\EXTRAÑO\C0029_cfr.mp4,True,29.97,1.0,ambas_izq,12.07,0.00955,label_studio
C0031_cfr,FALLA,0.0,1.468,1.468,0.756,auto,C:\Users\dell\Documents\TIC\Codigo_TIC\videos\FALLA\C0031_cfr.mp4,True,29.97,1.0,derecha,9.68,0.02048,label_studio
C0032_cfr,FALLA,0.0,1.468,1.468,0.795,auto,C:\Users\dell\Documents\TIC\Codigo_TIC\videos\FALLA\C0032_cfr.mp4,True,29.97,1.0,ambas_der,9.02,0.02742,label_studio
C0033_cfr,FALLAR,0.0,1.468,1.468,0.744,auto,C:\Users\dell\Documents\TIC\Codigo_TIC\videos\FALLAR\C0033_cfr.mp4,True,29.97,1.0,derecha,8.67,0.01702,label_studio
C0034_cfr,FALLAR,0.0,1.468,1.468,0.854,auto,C:\Users\dell\Documents\TIC\Codigo_TIC\videos\FALLAR\C0034_cfr.mp4,True,29.97,1.0,ambas_der,8.84,0.01748,label_studio
C0035_cfr,FALLAR,0.0,1.468,1.468,0.778,auto,C:\Users\dell\Documents\TIC\Codigo_TIC\videos\FALLAR\C0035_cfr.mp4,True,29.97,1.0,ambas_izq,9.6,0.01746,label_studio
C0036_cfr,FAMOSO,0.0,1.902,1.902,0.537,auto,C:\Users\dell\Documents\TIC\Codigo_TIC\videos\FAMOSO\C0036_cfr.mp4,True,29.97,1.0,derecha,9.22,0.01038,label_studio
C0037_cfr,FAMOSO,0.033,0.534,0.501,0.875,auto,C:\Users\dell\Documents\TIC\Codigo_TIC\videos\FAMOSO\C0037_cfr.mp4,True,29.97,1.0,derecha,8.45,0.00712,label_studio
C0038_cfr,FAMOSO,0.0,1.468,1.468,0.833,auto,C:\Users\dell\Documents\TIC\Codigo_TIC\videos\FAMOSO\C0038_cfr.mp4,True,29.97,1.0,derecha,8.2,0.01643,label_studio
C0039_cfr,FAMOSO,0.0,1.969,1.969,0.712,auto,C:\Users\dell\Documents\TIC\Codigo_TIC\videos\FAMOSO\C0039_cfr.mp4,True,29.97,1.0,ambas_der,11.65,0.03148,label_studio
C0040_cfr,FAMOSO,0.0,1.468,1.468,0.727,auto,C:\Users\dell\Documents\TIC\Codigo_TIC\videos\FAMOSO\C0040_cfr.mp4,True,29.97,1.0,ambas_der,11.07,0.02174,label_studio
C0041_cfr,FANTASMA,0.0,1.969,1.969,0.345,auto,C:\Users\dell\Documents\TIC\Codigo_TIC\videos\FANTASMA\C0041_cfr.mp4,True,29.97,1.0,derecha,10.21,0.00826,label_studio
C0042_cfr,FANTASMA,0.267,1.969,1.702,0.438,auto,C:\Users\dell\Documents\TIC\Codigo_TIC\videos\FANTASMA\C0042_cfr.mp4,True,29.97,1.0,derecha,9.64,0.00908,label_studio
C0043_cfr,FANTASMA,0.0,1.468,1.468,0.6,auto,C:\Users\dell\Documents\TIC\Codigo_TIC\videos\FANTASMA\C0043_cfr.mp4,True,29.97,1.0,ambas_izq,9.27,0.00986,label_studio
C0044_cfr,FELIZ,0.0,1.468,1.468,0.591,auto,C:\Users\dell\Documents\TIC\Codigo_TIC\videos\FELIZ\C0044_cfr.mp4,True,29.97,1.0,ambas_der,10.19,0.02085,label_studio
C0045_cfr,FELIZ,0.2,1.835,1.635,0.643,auto,C:\Users\dell\Documents\TIC\Codigo_TIC\videos\FELIZ\C0045_cfr.mp4,True,29.97,1.0,ambas_der,9.75,0.01742,label_studio
C0228_cfr,FEO,0.501,1.235,0.734,1.0,auto,C:\Users\dell\Documents\TIC\Codigo_TIC\videos\FEO\C0228_cfr.mp4,True,29.97,1.0,derecha,12.0,0.00934,label_studio
C0218_cfr,FILMAR CON UNA VIDEOCÁMARA,0.0,1.835,1.835,0.562,auto,C:\Users\dell\Documents\TIC\Codigo_TIC\videos\FILMAR CON UNA VIDEOCÁMARA\C0218_cfr.mp4,True,29.97,1.0,ambas_der,15.98,0.02197,label_studio
C0047_cfr,FIN,0.0,1.468,1.468,0.75,auto,C:\Users\dell\Documents\TIC\Codigo_TIC\videos\FIN\C0047_cfr.mp4,True,29.97,1.0,derecha,9.18,0.02126,label_studio
C0049_cfr,FIN,0.033,0.968,0.935,1.0,auto,C:\Users\dell\Documents\TIC\Codigo_TIC\videos\FIN\C0049_cfr.mp4,True,29.97,1.0,derecha,9.81,0.01691,label_studio
C0205_cfr,FIN DE SEMANA,0.0,2.469,2.469,0.451,auto,C:\Users\dell\Documents\TIC\Codigo_TIC\videos\FIN DE SEMANA\C0205_cfr.mp4,True,29.97,1.0,derecha,16.65,0.00882,label_studio
C0050_cfr,FINALMENTE,0.0,0.834,0.834,1.0,auto,C:\Users\dell\Documents\TIC\Codigo_TIC\videos\FINALMENTE\C0050_cfr.mp4,True,29.97,1.0,derecha,8.45,0.02861,label_studio
C0051_cfr,FINALMENTE,0.0,0.534,0.534,0.5,auto,C:\Users\dell\Documents\TIC\Codigo_TIC\videos\FINALMENTE\C0051_cfr.mp4,True,29.97,1.0,ambas_der,8.01,0.00534,label_studio
C0178_cfr,FLUIR,0.2,1.435,1.235,0.533,auto,C:\Users\dell\Documents\TIC\Codigo_TIC\videos\FLUIR\C0178_cfr.mp4,True,29.97,1.0,derecha,17.89,0.0074,label_studio
C0056_cfr,FRESCO,0.501,1.969,1.468,0.415,auto,C:\Users\dell\Documents\TIC\Codigo_TIC\videos\FRESCO\C0056_cfr.mp4,True,29.97,1.0,ambas_izq,13.56,0.01167,label_studio
C0057_cfr,FRESCO,0.0,0.968,0.968,0.345,auto,C:\Users\dell\Documents\TIC\Codigo_TIC\videos\FRESCO\C0057_cfr.mp4,True,29.97,1.0,ambas_izq,12.64,0.00747,label_studio
fuegos_C0058_cfr,FUEGOS ARTIFICIALES,0.0,1.468,1.468,0.907,auto,C:\Users\dell\Documents\TIC\Codigo_TIC\videos\FUEGOS ARTIFICIALES\C0058_cfr.mp4,True,29.97,1.0,ambas_der,12.34,0.0192,label_studio
fuegos_C0059_cfr,FUEGOS ARTIFICIALES,0.0,1.468,1.468,0.911,auto,C:\Users\dell\Documents\TIC\Codigo_TIC\videos\FUEGOS ARTIFICIALES\C0059_cfr.mp4,True,29.97,1.0,ambas_izq,12.63,0.02206,label_studio
C0060_cfr,FUEGOS ARTIFICIALES,0.067,1.468,1.401,0.595,auto,C:\Users\dell\Documents\TIC\Codigo_TIC\videos\FUEGOS ARTIFICIALES\C0060_cfr.mp4,True,29.97,1.0,ambas_izq,11.59,0.00986,label_studio
C0061_cfr,FUEGOS ARTIFICIALES,0.033,1.969,1.936,0.764,auto,C:\Users\dell\Documents\TIC\Codigo_TIC\videos\FUEGOS ARTIFICIALES\C0061_cfr.mp4,True,29.97,1.0,ambas_der,11.74,0.01645,label_studio
C0062_cfr,FUEGOS ARTIFICIALES,0.0,1.201,1.201,1.0,auto,C:\Users\dell\Documents\TIC\Codigo_TIC\videos\FUEGOS ARTIFICIALES\C0062_cfr.mp4,True,29.97,1.0,ambas_der,11.74,0.03694,label_studio
C0052_cfr,FÓSFORO,0.0,1.668,1.668,0.674,auto,C:\Users\dell\Documents\TIC\Codigo_TIC\videos\FÓSFORO\C0052_cfr.mp4,True,29.97,1.0,ambas_der,13.92,0.01416,label_studio
fosforo_C0053_cfr,FÓSFORO,0.0,1.635,1.635,0.848,auto,C:\Users\dell\Documents\TIC\Codigo_TIC\videos\FÓSFORO\C0053_cfr.mp4,True,29.97,1.0,ambas_izq,12.84,0.01477,label_studio
fosforo_C0054_cfr,FÓSFORO,0.0,1.735,1.735,0.551,auto,C:\Users\dell\Documents\TIC\Codigo_TIC\videos\FÓSFORO\C0054_cfr.mp4,True,29.97,1.0,derecha,12.54,0.01201,label_studio
fosforo_C0055_cfr,FÓSFORO,0.0,1.368,1.368,0.711,auto,C:\Users\dell\Documents\TIC\Codigo_TIC\videos\FÓSFORO\C0055_cfr.mp4,True,29.97,1.0,derecha,13.04,0.01237,label_studio
C0063_cfr,FÚTBOL AMERICANO,0.0,1.969,1.969,0.5,auto,C:\Users\dell\Documents\TIC\Codigo_TIC\videos\FÚTBOL AMERICANO\C0063_cfr.mp4,True,29.97,1.0,ambas_izq,10.91,0.00912,label_studio
C0064_cfr,FÚTBOL AMERICANO,0.0,1.835,1.835,0.5,auto,C:\Users\dell\Documents\TIC\Codigo_TIC\videos\FÚTBOL AMERICANO\C0064_cfr.mp4,True,29.97,1.0,ambas_der,12.24,0.01062,label_studio
C0065_cfr,GALLETA,0.667,0.968,0.301,1.0,auto,C:\Users\dell\Documents\TIC\Codigo_TIC\videos\GALLETA\C0065_cfr.mp4,True,29.97,1.0,derecha,12.33,0.00944,label_studio
C0066_cfr,GALLETA,0.167,0.534,0.367,1.0,auto,C:\Users\dell\Documents\TIC\Codigo_TIC\videos\GALLETA\C0066_cfr.mp4,True,29.97,1.0,derecha,10.76,0.00641,label_studio
C0068_cfr,GAMA,0.0,1.468,1.468,0.455,auto,C:\Users\dell\Documents\TIC\Codigo_TIC\videos\GAMA\C0068_cfr.mp4,True,29.97,1.0,ambas_izq,12.33,0.00938,label_studio
C0069_cfr,GAMA,0.0,1.969,1.969,0.644,auto,C:\Users\dell\Documents\TIC\Codigo_TIC\videos\GAMA\C0069_cfr.mp4,True,29.97,1.0,ambas_izq,14.28,0.01829,label_studio
C0201_cfr,GANAR,0.0,1.368,1.368,0.763,auto,C:\Users\dell\Documents\TIC\Codigo_TIC\videos\GANAR\C0201_cfr.mp4,True,29.97,1.0,derecha,16.88,0.01659,label_studio
C0070_cfr,GARANTIZAR,0.0,1.468,1.468,0.756,auto,C:\Users\dell\Documents\TIC\Codigo_TIC\videos\GARANTIZAR\C0070_cfr.mp4,True,29.97,1.0,derecha,14.75,0.00995,label_studio
C0071_cfr,GARANTIZAR,0.0,0.634,0.634,0.875,auto,C:\Users\dell\Documents\TIC\Codigo_TIC\videos\GARANTIZAR\C0071_cfr.mp4,True,29.97,1.0,derecha,10.98,0.01338,label_studio
C0072_cfr,GATO,0.667,1.368,0.701,1.0,auto,C:\Users\dell\Documents\TIC\Codigo_TIC\videos\GATO\C0072_cfr.mp4,True,29.97,1.0,ambas_der,14.13,0.02374,label_studio
C0073_cfr,GATO,0.0,1.468,1.468,0.4,auto,C:\Users\dell\Documents\TIC\Codigo_TIC\videos\GATO\C0073_cfr.mp4,True,29.97,1.0,ambas_izq,13.72,0.01301,label_studio
C0074_cfr,GATO,0.0,1.468,1.468,0.533,auto,C:\Users\dell\Documents\TIC\Codigo_TIC\videos\GATO\C0074_cfr.mp4,True,29.97,1.0,ambas_izq,12.53,0.01834,label_studio
C0075_cfr,GENERACIONES ATRÁS,0.0,1.935,1.935,0.782,auto,C:\Users\dell\Documents\TIC\Codigo_TIC\videos\GENERACIONES ATRÁS\C0075_cfr.mp4,True,29.97,1.0,ambas_izq,12.25,0.01739,label_studio
C0076_cfr,GENERAL,0.0,1.168,1.168,0.906,auto,C:\Users\dell\Documents\TIC\Codigo_TIC\videos\GENERAL\C0076_cfr.mp4,True,29.97,1.0,ambas_izq,12.56,0.01847,label_studio
C0077_cfr,GENERAL,0.0,1.435,1.435,0.675,auto,C:\Users\dell\Documents\TIC\Codigo_TIC\videos\GENERAL\C0077_cfr.mp4,True,29.97,1.0,derecha,12.99,0.01429,label_studio
C0078_cfr,GENERAL,0.0,1.468,1.468,0.682,auto,C:\Users\dell\Documents\TIC\Codigo_TIC\videos\GENERAL\C0078_cfr.mp4,True,29.97,1.0,ambas_der,13.45,0.01829,label_studio
C0079_cfr,GESTO,0.0,1.468,1.468,0.786,auto,C:\Users\dell\Documents\TIC\Codigo_TIC\videos\GESTO\C0079_cfr.mp4,True,29.97,1.0,ambas_izq,13.36,0.01322,label_studio
C0080_cfr,GESTO,0.0,1.468,1.468,0.558,auto,C:\Users\dell\Documents\TIC\Codigo_TIC\videos\GESTO\C0080_cfr.mp4,True,29.97,1.0,ambas_izq,12.16,0.01264,label_studio
C0081_cfr,GIMNASIA,0.934,1.902,0.968,0.727,auto,C:\Users\dell\Documents\TIC\Codigo_TIC\videos\GIMNASIA\C0081_cfr.mp4,True,29.97,1.0,ambas_izq,14.6,0.00943,label_studio
C0082_cfr,GOLPEAR,0.0,1.468,1.468,0.762,auto,C:\Users\dell\Documents\TIC\Codigo_TIC\videos\GOLPEAR\C0082_cfr.mp4,True,29.97,1.0,derecha,11.92,0.01628,label_studio
C0083_cfr,GOLPEAR,0.0,0.968,0.968,0.733,auto,C:\Users\dell\Documents\TIC\Codigo_TIC\videos\GOLPEAR\C0083_cfr.mp4,True,29.97,1.0,derecha,12.03,0.01719,label_studio
C0084_cfr,GOTA,0.0,1.969,1.969,0.492,auto,C:\Users\dell\Documents\TIC\Codigo_TIC\videos\GOTA\C0084_cfr.mp4,True,29.97,1.0,derecha,12.56,0.01302,label_studio
C0085_cfr,GOTA,0.0,1.735,1.735,0.408,auto,C:\Users\dell\Documents\TIC\Codigo_TIC\videos\GOTA\C0085_cfr.mp4,True,29.97,1.0,derecha,13.8,0.00803,label_studio
C0086_cfr,GOTA,0.0,1.969,1.969,0.618,auto,C:\Users\dell\Documents\TIC\Codigo_TIC\videos\GOTA\C0086_cfr.mp4,True,29.97,1.0,izquierda,11.31,0.01627,label_studio
C0087_cfr,GRADUADO,0.0,1.368,1.368,0.763,auto,C:\Users\dell\Documents\TIC\Codigo_TIC\videos\GRADUADO\C0087_cfr.mp4,True,29.97,1.0,ambas_der,12.58,0.03396,label_studio
C0088_cfr,GRADUADO,0.0,1.468,1.468,0.732,auto,C:\Users\dell\Documents\TIC\Codigo_TIC\videos\GRADUADO\C0088_cfr.mp4,True,29.97,1.0,derecha,13.12,0.01871,label_studio
C0089_cfr,GRANDE,0.0,1.468,1.468,0.533,auto,C:\Users\dell\Documents\TIC\Codigo_TIC\videos\GRANDE\C0089_cfr.mp4,True,29.97,1.0,ambas_der,12.39,0.01893,label_studio
C0090_cfr,GRANDE,0.0,0.968,0.968,0.621,auto,C:\Users\dell\Documents\TIC\Codigo_TIC\videos\GRANDE\C0090_cfr.mp4,True,29.97,1.0,ambas_der,13.56,0.01685,label_studio
C0091_cfr,GRANDE,0.1,0.968,0.868,0.609,auto,C:\Users\dell\Documents\TIC\Codigo_TIC\videos\GRANDE\C0091_cfr.mp4,True,29.97,1.0,ambas_der,14.55,0.01147,label_studio
C0092_cfr,GRANJA,0.0,1.969,1.969,0.793,auto,C:\Users\dell\Documents\TIC\Codigo_TIC\videos\GRANJA\C0092_cfr.mp4,True,29.97,1.0,derecha,14.25,0.01971,label_studio
C0094_cfr,GRANJA,0.0,1.435,1.435,0.825,auto,C:\Users\dell\Documents\TIC\Codigo_TIC\videos\GRANJA\C0094_cfr.mp4,True,29.97,1.0,ambas_der,11.57,0.01916,label_studio
C0095_cfr,GRATIS,0.0,1.301,1.301,0.944,auto,C:\Users\dell\Documents\TIC\Codigo_TIC\videos\GRATIS\C0095_cfr.mp4,True,29.97,1.0,ambas_der,12.49,0.02241,label_studio
C0096_cfr,GRATIS,0.0,1.034,1.034,0.714,auto,C:\Users\dell\Documents\TIC\Codigo_TIC\videos\GRATIS\C0096_cfr.mp4,True,29.97,1.0,derecha,12.01,0.01376,label_studio
C0097_cfr,GRATIS,0.0,1.301,1.301,0.583,auto,C:\Users\dell\Documents\TIC\Codigo_TIC\videos\GRATIS\C0097_cfr.mp4,True,29.97,1.0,ambas_der,12.58,0.01376,label_studio
C0098_cfr,GRIETA,0.0,1.468,1.468,0.744,auto,C:\Users\dell\Documents\TIC\Codigo_TIC\videos\GRIETA\C0098_cfr.mp4,True,29.97,1.0,ambas_izq,12.6,0.01756,label_studio
C0099_cfr,GRIETA,0.0,1.468,1.468,0.405,auto,C:\Users\dell\Documents\TIC\Codigo_TIC\videos\GRIETA\C0099_cfr.mp4,True,29.97,1.0,ambas_izq,12.99,0.00991,label_studio
C0100_cfr,GRITAR,0.0,2.302,2.302,0.8,auto,C:\Users\dell\Documents\TIC\Codigo_TIC\videos\GRITAR\C0100_cfr.mp4,True,29.97,1.0,ambas_der,12.35,0.02278,label_studio
C0101_cfr,GRITAR,0.0,1.468,1.468,0.4,auto,C:\Users\dell\Documents\TIC\Codigo_TIC\videos\GRITAR\C0101_cfr.mp4,True,29.97,1.0,ambas_izq,14.12,0.01182,label_studio
C0102_cfr,GRITAR,0.0,1.468,1.468,0.644,auto,C:\Users\dell\Documents\TIC\Codigo_TIC\videos\GRITAR\C0102_cfr.mp4,True,29.97,1.0,ambas_izq,13.38,0.02072,label_studio
C0194_cfr,GUAU,0.0,1.502,1.502,0.976,auto,C:\Users\dell\Documents\TIC\Codigo_TIC\videos\GUAU\C0194_cfr.mp4,True,29.97,1.0,ambas_der,17.72,0.02238,label_studio
C0103_cfr,GUITARRA,0.0,1.468,1.468,0.378,auto,C:\Users\dell\Documents\TIC\Codigo_TIC\videos\GUITARRA\C0103_cfr.mp4,True,29.97,1.0,izquierda,12.35,0.0083,label_studio
C0104_cfr,GUITARRA,0.0,1.468,1.468,0.318,auto,C:\Users\dell\Documents\TIC\Codigo_TIC\videos\GUITARRA\C0104_cfr.mp4,True,29.97,1.0,derecha,13.96,0.00531,label_studio
C0105_cfr,GUITARRA,0.0,0.334,0.334,1.0,auto,C:\Users\dell\Documents\TIC\Codigo_TIC\videos\GUITARRA\C0105_cfr.mp4,True,29.97,1.0,izquierda,12.18,0.01426,label_studio
C0106_cfr,GUITARRA,0.0,0.367,0.367,1.0,auto,C:\Users\dell\Documents\TIC\Codigo_TIC\videos\GUITARRA\C0106_cfr.mp4,True,29.97,1.0,izquierda,13.72,0.01336,label_studio
C0267_cfr,GUSTO,0.0,2.002,2.002,0.544,auto,C:\Users\dell\Documents\TIC\Codigo_TIC\videos\GUSTO\C0267_cfr.mp4,True,29.97,1.0,ambas_der,15.25,0.01184,label_studio
C0109_cfr,HABLA CON SEÑALES,0.0,0.3,0.3,1.0,auto,C:\Users\dell\Documents\TIC\Codigo_TIC\videos\HABLA CON SEÑALES\C0109_cfr.mp4,True,29.97,1.0,ambas_izq,11.62,0.01776,label_studio
C0114_cfr,HACE DE VERDAD,0.0,2.135,2.135,0.533,auto,C:\Users\dell\Documents\TIC\Codigo_TIC\videos\HACE DE VERDAD\C0114_cfr.mp4,True,29.97,1.0,ambas_der,13.11,0.01387,label_studio
C0115_cfr,HACE DE VERDAD,0.0,2.169,2.169,0.565,auto,C:\Users\dell\Documents\TIC\Codigo_TIC\videos\HACE DE VERDAD\C0115_cfr.mp4,True,29.97,1.0,ambas_izq,10.25,0.01196,label_studio
C0110_cfr,HACE MUCHO TIEMPO,0.0,2.936,2.936,0.953,auto,C:\Users\dell\Documents\TIC\Codigo_TIC\videos\HACE MUCHO TIEMPO\C0110_cfr.mp4,True,29.97,1.0,derecha,12.05,0.01482,label_studio
C0111_cfr,HACE MUCHO TIEMPO,0.0,3.303,3.303,0.5,auto,C:\Users\dell\Documents\TIC\Codigo_TIC\videos\HACE MUCHO TIEMPO\C0111_cfr.mp4,True,29.97,1.0,derecha,11.48,0.00656,label_studio
C0112_cfr,HACER CLIC,0.033,2.436,2.403,0.569,auto,C:\Users\dell\Documents\TIC\Codigo_TIC\videos\HACER CLIC\C0112_cfr.mp4,True,29.97,1.0,ambas_izq,13.39,0.01196,label_studio
C0113_cfr,HACER CLIC,0.0,2.97,2.97,0.438,auto,C:\Users\dell\Documents\TIC\Codigo_TIC\videos\HACER CLIC\C0113_cfr.mp4,True,29.97,1.0,ambas_der,12.55,0.0146,label_studio
C0116_cfr,HAMBURGUESA,0.0,2.569,2.569,0.414,auto,C:\Users\dell\Documents\TIC\Codigo_TIC\videos\HAMBURGUESA\C0116_cfr.mp4,True,29.97,1.0,ambas_der,12.26,0.01281,label_studio
C0117_cfr,HAMBURGUESA,0.0,1.869,1.869,0.5,auto,C:\Users\dell\Documents\TIC\Codigo_TIC\videos\HAMBURGUESA\C0117_cfr.mp4,True,29.97,1.0,ambas_izq,10.74,0.01533,label_studio
C0224_cfr,HASTA AHORA,0.0,1.902,1.902,0.615,auto,C:\Users\dell\Documents\TIC\Codigo_TIC\videos\HASTA AHORA\C0224_cfr.mp4,True,29.97,1.0,ambas_izq,13.32,0.01638,label_studio
C0118_cfr,HELADO,0.0,1.368,1.368,0.5,auto,C:\Users\dell\Documents\TIC\Codigo_TIC\videos\HELADO\C0118_cfr.mp4,True,29.97,1.0,derecha,10.47,0.01106,label_studio
C0119_cfr,HELADO,0.0,1.401,1.401,0.538,auto,C:\Users\dell\Documents\TIC\Codigo_TIC\videos\HELADO\C0119_cfr.mp4,True,29.97,1.0,derecha,10.14,0.00883,label_studio
C0120_cfr,HERMANO,0.0,2.135,2.135,0.328,auto,C:\Users\dell\Documents\TIC\Codigo_TIC\videos\HERMANO\C0120_cfr.mp4,True,29.97,1.0,izquierda,10.73,0.00882,label_studio
C0121_cfr,HERMANO,0.0,1.802,1.802,0.6,auto,C:\Users\dell\Documents\TIC\Codigo_TIC\videos\HERMANO\C0121_cfr.mp4,True,29.97,1.0,ambas_izq,9.63,0.01324,label_studio
C0122_cfr,HIJA,0.0,2.97,2.97,0.478,auto,C:\Users\dell\Documents\TIC\Codigo_TIC\videos\HIJA\C0122_cfr.mp4,True,29.97,1.0,derecha,11.26,0.01555,label_studio
C0123_cfr,HIJA,0.0,2.97,2.97,0.539,auto,C:\Users\dell\Documents\TIC\Codigo_TIC\videos\HIJA\C0123_cfr.mp4,True,29.97,1.0,derecha,10.27,0.01328,label_studio
C0124_cfr,HIJA,0.0,2.369,2.369,0.657,auto,C:\Users\dell\Documents\TIC\Codigo_TIC\videos\HIJA\C0124_cfr.mp4,True,29.97,1.0,derecha,10.15,0.01204,label_studio
C0125_cfr,HIJA,0.0,1.602,1.602,0.767,auto,C:\Users\dell\Documents\TIC\Codigo_TIC\videos\HIJA\C0125_cfr.mp4,True,29.97,1.0,derecha,10.07,0.01374,label_studio
C0126_cfr,HISTORIA,0.0,2.035,2.035,0.877,auto,C:\Users\dell\Documents\TIC\Codigo_TIC\videos\HISTORIA\C0126_cfr.mp4,True,29.97,1.0,ambas_der,11.88,0.02244,label_studio
C0127_cfr,HISTORIA,0.0,1.368,1.368,1.0,auto,C:\Users\dell\Documents\TIC\Codigo_TIC\videos\HISTORIA\C0127_cfr.mp4,True,29.97,1.0,ambas_der,9.94,0.02069,label_studio
C0128_cfr,HOGAR,0.0,2.97,2.97,0.568,auto,C:\Users\dell\Documents\TIC\Codigo_TIC\videos\HOGAR\C0128_cfr.mp4,True,29.97,1.0,ambas_izq,14.77,0.01462,label_studio
C0129_cfr,HOGAR,0.0,2.369,2.369,0.708,auto,C:\Users\dell\Documents\TIC\Codigo_TIC\videos\HOGAR\C0129_cfr.mp4,True,29.97,1.0,ambas_izq,10.0,0.01979,label_studio
C0130_cfr,HOMBRE_2,0.0,1.368,1.368,0.351,auto,C:\Users\dell\Documents\TIC\Codigo_TIC\videos\HOMBRE_2\C0130_cfr.mp4,True,29.97,1.0,derecha,12.23,0.00695,label_studio
C0131_cfr,HOMBRE_2,0.0,1.368,1.368,0.514,auto,C:\Users\dell\Documents\TIC\Codigo_TIC\videos\HOMBRE_2\C0131_cfr.mp4,True,29.97,1.0,derecha,10.68,0.00973,label_studio
C0132_cfr,HONESTO,0.934,3.203,2.269,0.59,auto,C:\Users\dell\Documents\TIC\Codigo_TIC\videos\HONESTO\C0132_cfr.mp4,True,29.97,1.0,derecha,12.65,0.01248,label_studio
C0133_cfr,HONESTO,0.0,2.002,2.002,0.632,auto,C:\Users\dell\Documents\TIC\Codigo_TIC\videos\HONESTO\C0133_cfr.mp4,True,29.97,1.0,derecha,11.08,0.01092,label_studio
C0134_cfr,HONOR,0.667,2.97,2.303,0.333,auto,C:\Users\dell\Documents\TIC\Codigo_TIC\videos\HONOR\C0134_cfr.mp4,True,29.97,1.0,derecha,11.51,0.01295,label_studio
C0135_cfr,HONOR,0.0,1.468,1.468,0.622,auto,C:\Users\dell\Documents\TIC\Codigo_TIC\videos\HONOR\C0135_cfr.mp4,True,29.97,1.0,ambas_der,10.31,0.01626,label_studio
C0136_cfr,HOSPITAL,0.0,0.634,0.634,1.0,auto,C:\Users\dell\Documents\TIC\Codigo_TIC\videos\HOSPITAL\C0136_cfr.mp4,True,29.97,1.0,derecha,9.37,0.01619,label_studio
C0137_cfr,HOSPITAL,0.0,0.968,0.968,0.7,auto,C:\Users\dell\Documents\TIC\Codigo_TIC\videos\HOSPITAL\C0137_cfr.mp4,True,29.97,1.0,derecha,8.88,0.01374,label_studio
C0107_cfr,HÁBITO,0.0,1.468,1.468,0.841,auto,C:\Users\dell\Documents\TIC\Codigo_TIC\videos\HÁBITO\C0107_cfr.mp4,True,29.97,1.0,derecha,12.86,0.01256,label_studio
C0108_cfr,HÁBITO,0.0,1.468,1.468,0.511,auto,C:\Users\dell\Documents\TIC\Codigo_TIC\videos\HÁBITO\C0108_cfr.mp4,True,29.97,1.0,ambas_izq,12.77,0.01306,label_studio
C0139_cfr,IDENTIFICAR,0.067,2.469,2.402,0.754,auto,C:\Users\dell\Documents\TIC\Codigo_TIC\videos\IDENTIFICAR\C0139_cfr.mp4,True,29.97,1.0,ambas_izq,8.15,0.01275,label_studio
C0140_cfr,IDENTIFICAR,0.0,1.468,1.468,0.561,auto,C:\Users\dell\Documents\TIC\Codigo_TIC\videos\IDENTIFICAR\C0140_cfr.mp4,True,29.97,1.0,ambas_izq,9.45,0.01214,label_studio
C0141_cfr,IDIOMA,0.067,1.001,0.934,0.524,auto,C:\Users\dell\Documents\TIC\Codigo_TIC\videos\IDIOMA\C0141_cfr.mp4,True,29.97,1.0,ambas_izq,9.88,0.01599,label_studio
C0142_cfr,IDIOMA,0.0,1.468,1.468,0.5,auto,C:\Users\dell\Documents\TIC\Codigo_TIC\videos\IDIOMA\C0142_cfr.mp4,True,29.97,1.0,ambas_izq,9.84,0.01481,label_studio
C0143_cfr,IGLESIA,0.067,1.969,1.902,0.66,auto,C:\Users\dell\Documents\TIC\Codigo_TIC\videos\IGLESIA\C0143_cfr.mp4,True,29.97,1.0,ambas_der,9.79,0.01934,label_studio
C0144_cfr,IGLESIA,0.0,1.468,1.468,0.378,auto,C:\Users\dell\Documents\TIC\Codigo_TIC\videos\IGLESIA\C0144_cfr.mp4,True,29.97,1.0,ambas_izq,10.2,0.00775,label_studio
C0145_cfr,ILEGAL,0.0,1.668,1.668,0.522,auto,C:\Users\dell\Documents\TIC\Codigo_TIC\videos\ILEGAL\C0145_cfr.mp4,True,29.97,1.0,ambas_der,10.61,0.00897,label_studio
C0005_cfr,IMAGINAR,0.0,2.402,2.402,0.448,auto,C:\Users\dell\Documents\TIC\Codigo_TIC\videos\IMAGINAR\C0005_cfr.mp4,True,29.97,1.0,ambas_izq,25.73,0.01473,label_studio
C0006_cfr,IMAGINAR,0.267,3.337,3.07,0.388,auto,C:\Users\dell\Documents\TIC\Codigo_TIC\videos\IMAGINAR\C0006_cfr.mp4,True,29.97,1.0,ambas_der,23.24,0.01797,label_studio
C0007_cfr,IMAGINAR,0.033,2.469,2.436,0.591,auto,C:\Users\dell\Documents\TIC\Codigo_TIC\videos\IMAGINAR\C0007_cfr.mp4,True,29.97,1.0,derecha,22.61,0.01031,label_studio
C0008_cfr,IMPLANTE COCLEAR,0.167,1.969,1.802,0.471,auto,C:\Users\dell\Documents\TIC\Codigo_TIC\videos\IMPLANTE COCLEAR\C0008_cfr.mp4,True,29.97,1.0,derecha,20.73,0.01023,label_studio
C0009_cfr,IMPORTANTE,0.0,2.536,2.536,0.616,auto,C:\Users\dell\Documents\TIC\Codigo_TIC\videos\IMPORTANTE\C0009_cfr.mp4,True,29.97,1.0,ambas_izq,22.62,0.01392,label_studio
C0010_cfr,IMPOSIBLE,0.167,2.736,2.569,0.857,auto,C:\Users\dell\Documents\TIC\Codigo_TIC\videos\IMPOSIBLE\C0010_cfr.mp4,True,29.97,1.0,ambas_izq,20.4,0.02258,label_studio
C0011_cfr,IMPOSIBLE,0.667,2.536,1.869,0.714,auto,C:\Users\dell\Documents\TIC\Codigo_TIC\videos\IMPOSIBLE\C0011_cfr.mp4,True,29.97,1.0,ambas_izq,20.21,0.01229,label_studio
C0012_cfr,INCLINARSE,0.0,2.469,2.469,0.417,auto,C:\Users\dell\Documents\TIC\Codigo_TIC\videos\INCLINARSE\C0012_cfr.mp4,True,29.97,1.0,derecha,18.4,0.00699,label_studio
C0013_cfr,INCLINARSE,0.0,2.736,2.736,0.392,auto,C:\Users\dell\Documents\TIC\Codigo_TIC\videos\INCLINARSE\C0013_cfr.mp4,True,29.97,1.0,ambas_izq,21.02,0.00802,label_studio
C0015_cfr,INCLUIRINVOLUCRAR,0.167,1.969,1.802,0.511,auto,C:\Users\dell\Documents\TIC\Codigo_TIC\videos\INCLUIRINVOLUCRAR\C0015_cfr.mp4,True,29.97,1.0,ambas_izq,20.96,0.01318,label_studio
C0016_cfr,INCLUIRINVOLUCRAR,0.234,2.102,1.868,0.633,auto,C:\Users\dell\Documents\TIC\Codigo_TIC\videos\INCLUIRINVOLUCRAR\C0016_cfr.mp4,True,29.97,1.0,ambas_izq,20.34,0.01247,label_studio
C0014_cfr,INGRESAR,0.067,1.702,1.635,0.548,auto,C:\Users\dell\Documents\TIC\Codigo_TIC\videos\INGRESAR\C0014_cfr.mp4,True,29.97,1.0,ambas_der,19.59,0.01066,label_studio
C0017_cfr,INOCENTE,0.067,2.536,2.469,0.612,auto,C:\Users\dell\Documents\TIC\Codigo_TIC\videos\INOCENTE\C0017_cfr.mp4,True,29.97,1.0,derecha,21.39,0.01208,label_studio
C0018_cfr,INSPIRAR,0.067,2.269,2.202,0.78,auto,C:\Users\dell\Documents\TIC\Codigo_TIC\videos\INSPIRAR\C0018_cfr.mp4,True,29.97,1.0,ambas_der,24.59,0.01672,label_studio
C0019_cfr,INTELIGENTE,0.067,2.703,2.636,0.319,auto,C:\Users\dell\Documents\TIC\Codigo_TIC\videos\INTELIGENTE\C0019_cfr.mp4,True,29.97,1.0,derecha,22.72,0.01933,label_studio
C0020_cfr,INTELIGENTE,0.133,2.236,2.103,0.429,auto,C:\Users\dell\Documents\TIC\Codigo_TIC\videos\INTELIGENTE\C0020_cfr.mp4,True,29.97,1.0,ambas_der,20.21,0.01231,label_studio
C0021_cfr,INTELIGENTE,0.267,3.003,2.736,0.56,auto,C:\Users\dell\Documents\TIC\Codigo_TIC\videos\INTELIGENTE\C0021_cfr.mp4,True,29.97,1.0,ambas_izq,24.19,0.01922,label_studio
C0022_cfr,INTENTAR,0.734,2.402,1.668,0.674,auto,C:\Users\dell\Documents\TIC\Codigo_TIC\videos\INTENTAR\C0022_cfr.mp4,True,29.97,1.0,ambas_izq,24.64,0.02183,label_studio
C0023_cfr,INTERNACIONAL,0.067,2.736,2.669,0.452,auto,C:\Users\dell\Documents\TIC\Codigo_TIC\videos\INTERNACIONAL\C0023_cfr.mp4,True,29.97,1.0,ambas_izq,21.62,0.01409,label_studio
C0024_cfr,INTERNET,0.067,2.069,2.002,0.34,auto,C:\Users\dell\Documents\TIC\Codigo_TIC\videos\INTERNET\C0024_cfr.mp4,True,29.97,1.0,derecha,23.36,0.01058,label_studio
C0026_cfr,INTERPRET+AGENTE,0.0,1.668,1.668,0.591,auto,C:\Users\dell\Documents\TIC\Codigo_TIC\videos\INTERPRET+AGENTE\C0026_cfr.mp4,True,29.97,1.0,ambas_izq,22.74,0.00995,label_studio
C0027_cfr,INTERPRET+AGENTE,0.067,2.002,1.935,0.588,auto,C:\Users\dell\Documents\TIC\Codigo_TIC\videos\INTERPRET+AGENTE\C0027_cfr.mp4,True,29.97,1.0,ambas_izq,23.02,0.0132,label_studio
C0028_cfr,INTERRUMPIR,0.0,1.835,1.835,0.333,auto,C:\Users\dell\Documents\TIC\Codigo_TIC\videos\INTERRUMPIR\C0028_cfr.mp4,True,29.97,1.0,izquierda,20.87,0.01,label_studio
C0029_cfr,INTERRUMPIR,0.2,1.802,1.602,0.488,auto,C:\Users\dell\Documents\TIC\Codigo_TIC\videos\INTERRUMPIR\C0029_cfr.mp4,True,29.97,1.0,ambas_izq,19.41,0.01003,label_studio
C0030_cfr,IR,0.1,1.969,1.869,0.673,auto,C:\Users\dell\Documents\TIC\Codigo_TIC\videos\IR\C0030_cfr.mp4,True,29.97,1.0,ambas_izq,18.71,0.01161,label_studio
C0031_cfr,JEFE,0.067,2.236,2.169,0.741,auto,C:\Users\dell\Documents\TIC\Codigo_TIC\videos\JEFE\C0031_cfr.mp4,True,29.97,1.0,ambas_izq,23.42,0.01272,label_studio
C0032_cfr,JEFE,0.067,2.002,1.935,0.608,auto,C:\Users\dell\Documents\TIC\Codigo_TIC\videos\JEFE\C0032_cfr.mp4,True,29.97,1.0,ambas_der,19.46,0.01062,label_studio
C0033_cfr,JEFE,0.033,1.768,1.735,0.578,auto,C:\Users\dell\Documents\TIC\Codigo_TIC\videos\JEFE\C0033_cfr.mp4,True,29.97,1.0,ambas_der,20.4,0.0124,label_studio
C0034_cfr,JEFE,0.801,1.602,0.801,0.882,auto,C:\Users\dell\Documents\TIC\Codigo_TIC\videos\JEFE\C0034_cfr.mp4,True,29.97,1.0,ambas_der,20.38,0.02625,label_studio
C0185_cfr,JOVEN,0.1,1.468,1.368,0.543,auto,C:\Users\dell\Documents\TIC\Codigo_TIC\videos\JOVEN\C0185_cfr.mp4,True,29.97,1.0,derecha,15.71,0.01054,label_studio
C0254_cfr,JUEVES,0.0,1.902,1.902,0.717,auto,C:\Users\dell\Documents\TIC\Codigo_TIC\videos\JUEVES\C0254_cfr.mp4,True,29.97,1.0,derecha,13.56,0.0113,label_studio
C0111_cfr,LA PRÓXIMA SEMANA,0.05,1.485,1.435,0.738,auto,C:\Users\dell\Documents\TIC\Codigo_TIC\videos\LA PRÓXIMA SEMANA\C0111_cfr.mp4,True,59.94,1.0,derecha,22.19,0.00926,label_studio
C0112_cfr,LA PRÓXIMA SEMANA,0.0,0.584,0.584,0.387,auto,C:\Users\dell\Documents\TIC\Codigo_TIC\videos\LA PRÓXIMA SEMANA\C0112_cfr.mp4,True,59.94,1.0,ambas_izq,21.26,0.00602,label_studio
C0113_cfr,LA PRÓXIMA SEMANA,0.0,0.617,0.617,0.545,auto,C:\Users\dell\Documents\TIC\Codigo_TIC\videos\LA PRÓXIMA SEMANA\C0113_cfr.mp4,True,59.94,1.0,derecha,18.03,0.0076,label_studio
C0035_cfr,LA SEMANA PASADA,0.0,2.936,2.936,0.607,auto,C:\Users\dell\Documents\TIC\Codigo_TIC\videos\LA SEMANA PASADA\C0035_cfr.mp4,True,29.97,1.0,ambas_izq,20.83,0.01352,label_studio
C0036_cfr,LARGO+(1h)MÁS,0.0,3.804,3.804,0.423,auto,C:\Users\dell\Documents\TIC\Codigo_TIC\videos\LARGO+(1h)MÁS\C0036_cfr.mp4,True,29.97,1.0,ambas_izq,20.49,0.01153,label_studio
C0209_cfr,LAVADORA,0.033,2.469,2.436,0.379,auto,C:\Users\dell\Documents\TIC\Codigo_TIC\videos\LAVADORA\C0209_cfr.mp4,True,29.97,1.0,ambas_der,14.03,0.01001,label_studio
C0037_cfr,LECHE,0.0,2.436,2.436,0.6,auto,C:\Users\dell\Documents\TIC\Codigo_TIC\videos\LECHE\C0037_cfr.mp4,True,29.97,1.0,ambas_izq,21.11,0.01056,label_studio
C0038_cfr,LEVANTARSE,0.067,2.002,1.935,0.529,auto,C:\Users\dell\Documents\TIC\Codigo_TIC\videos\LEVANTARSE\C0038_cfr.mp4,True,29.97,1.0,derecha,21.96,0.01297,label_studio
C0039_cfr,LIBRO,0.1,2.703,2.603,0.31,auto,C:\Users\dell\Documents\TIC\Codigo_TIC\videos\LIBRO\C0039_cfr.mp4,True,29.97,1.0,ambas_der,19.87,0.00955,label_studio
C0040_cfr,LIBRO CERRADO,0.0,2.336,2.336,0.5,auto,C:\Users\dell\Documents\TIC\Codigo_TIC\videos\LIBRO CERRADO\C0040_cfr.mp4,True,29.97,1.0,ambas_der,20.31,0.0108,label_studio
C0041_cfr,LICENCIA,0.2,2.569,2.369,0.5,auto,C:\Users\dell\Documents\TIC\Codigo_TIC\videos\LICENCIA\C0041_cfr.mp4,True,29.97,1.0,ambas_izq,20.68,0.01094,label_studio
C0042_cfr,LICENCIA,0.033,2.536,2.503,0.426,auto,C:\Users\dell\Documents\TIC\Codigo_TIC\videos\LICENCIA\C0042_cfr.mp4,True,29.97,1.0,ambas_izq,21.12,0.00874,label_studio
C0187_cfr,LIMPIO,0.167,1.468,1.301,0.562,auto,C:\Users\dell\Documents\TIC\Codigo_TIC\videos\LIMPIO\C0187_cfr.mp4,True,29.97,1.0,derecha,16.21,0.01022,label_studio
C0043_cfr,LIMÓN,0.0,1.668,1.668,0.333,auto,C:\Users\dell\Documents\TIC\Codigo_TIC\videos\LIMÓN\C0043_cfr.mp4,True,29.97,1.0,izquierda,20.79,0.00703,label_studio
C0044_cfr,LIMÓN,1.101,1.768,0.667,1.0,auto,C:\Users\dell\Documents\TIC\Codigo_TIC\videos\LIMÓN\C0044_cfr.mp4,True,29.97,1.0,ambas_izq,18.33,0.01269,label_studio
C0045_cfr,LINGÜÍSTICA,0.067,1.802,1.735,0.489,auto,C:\Users\dell\Documents\TIC\Codigo_TIC\videos\LINGÜÍSTICA\C0045_cfr.mp4,True,29.97,1.0,ambas_izq,21.68,0.0186,label_studio
C0046_cfr,LINGÜÍSTICA,0.0,1.735,1.735,0.543,auto,C:\Users\dell\Documents\TIC\Codigo_TIC\videos\LINGÜÍSTICA\C0046_cfr.mp4,True,29.97,1.0,ambas_izq,22.18,0.01623,label_studio
C0118_cfr,LISO,0.017,1.985,1.968,0.43,auto,C:\Users\dell\Documents\TIC\Codigo_TIC\videos\LISO\C0118_cfr.mp4,True,59.94,1.0,derecha,25.44,0.00528,label_studio
C0120_cfr,LISTO,0.133,1.485,1.352,0.538,auto,C:\Users\dell\Documents\TIC\Codigo_TIC\videos\LISTO\C0120_cfr.mp4,True,59.94,1.0,ambas_izq,20.59,0.00964,label_studio
C0121_cfr,LISTO,0.0,0.467,0.467,0.64,auto,C:\Users\dell\Documents\TIC\Codigo_TIC\videos\LISTO\C0121_cfr.mp4,True,59.94,1.0,izquierda,19.98,0.01051,label_studio
C0047_cfr,LLENAR,0.0,2.87,2.87,0.312,auto,C:\Users\dell\Documents\TIC\Codigo_TIC\videos\LLENAR\C0047_cfr.mp4,True,29.97,1.0,ambas_izq,19.61,0.00849,label_studio
C0272_cfr,LLEVAR,0.033,1.702,1.669,0.837,auto,C:\Users\dell\Documents\TIC\Codigo_TIC\videos\LLEVAR\C0272_cfr.mp4,True,29.97,1.0,ambas_izq,11.44,0.02216,label_studio
C0273_cfr,LLEVAR,0.0,1.101,1.101,0.767,auto,C:\Users\dell\Documents\TIC\Codigo_TIC\videos\LLEVAR\C0273_cfr.mp4,True,29.97,1.0,ambas_izq,13.63,0.01237,label_studio
C0274_cfr,LLEVAR,0.0,1.502,1.502,0.69,auto,C:\Users\dell\Documents\TIC\Codigo_TIC\videos\LLEVAR\C0274_cfr.mp4,True,29.97,1.0,ambas_izq,13.74,0.01656,label_studio
C0048_cfr,LLORAR,0.0,2.169,2.169,0.45,auto,C:\Users\dell\Documents\TIC\Codigo_TIC\videos\LLORAR\C0048_cfr.mp4,True,29.97,0.879,ambas_izq,13.66,0.01333,label_studio
C0049_cfr,LLORAR,0.267,2.302,2.035,0.352,auto,C:\Users\dell\Documents\TIC\Codigo_TIC\videos\LLORAR\C0049_cfr.mp4,True,29.97,1.0,ambas_izq,13.85,0.01425,label_studio
C0050_cfr,LLORAR,0.234,2.369,2.135,0.491,auto,C:\Users\dell\Documents\TIC\Codigo_TIC\videos\LLORAR\C0050_cfr.mp4,True,29.97,1.0,ambas_izq,12.77,0.01645,label_studio
C0122_cfr,LO MISMO DE SIEMPRE,0.033,1.985,1.952,0.439,auto,C:\Users\dell\Documents\TIC\Codigo_TIC\videos\LO MISMO DE SIEMPRE\C0122_cfr.mp4,True,59.94,1.0,ambas_izq,21.24,0.00759,label_studio
C0124_cfr,LO MISMO DE SIEMPRE,0.0,0.35,0.35,1.0,auto,C:\Users\dell\Documents\TIC\Codigo_TIC\videos\LO MISMO DE SIEMPRE\C0124_cfr.mp4,True,59.94,1.0,ambas_izq,17.31,0.01602,label_studio
C0051_cfr,LO TUVE,0.067,2.936,2.869,0.544,auto,C:\Users\dell\Documents\TIC\Codigo_TIC\videos\LO TUVE\C0051_cfr.mp4,True,29.97,0.965,derecha,13.01,0.00788,label_studio
C0052_cfr,LOCAL,0.634,2.87,2.236,0.45,auto,C:\Users\dell\Documents\TIC\Codigo_TIC\videos\LOCAL\C0052_cfr.mp4,True,29.97,1.0,ambas_der,17.33,0.01372,label_studio
C0053_cfr,LOCO,0.067,2.469,2.402,0.362,auto,C:\Users\dell\Documents\TIC\Codigo_TIC\videos\LOCO\C0053_cfr.mp4,True,29.97,1.0,derecha,15.32,0.00774,label_studio
C0054_cfr,LUCHA,0.0,2.202,2.202,0.81,auto,C:\Users\dell\Documents\TIC\Codigo_TIC\videos\LUCHA\C0054_cfr.mp4,True,29.97,1.0,derecha,13.31,0.01721,label_studio
C0125_cfr,LUCHAR,0.0,1.485,1.485,0.322,auto,C:\Users\dell\Documents\TIC\Codigo_TIC\videos\LUCHAR\C0125_cfr.mp4,True,59.94,1.0,derecha,17.22,0.00727,label_studio
C0126_cfr,LUCHAR,0.0,1.485,1.485,0.523,auto,C:\Users\dell\Documents\TIC\Codigo_TIC\videos\LUCHAR\C0126_cfr.mp4,True,59.94,1.0,derecha,15.49,0.00984,label_studio
C0055_cfr,LUZ,0.0,2.769,2.769,0.577,auto,C:\Users\dell\Documents\TIC\Codigo_TIC\videos\LUZ\C0055_cfr.mp4,True,29.97,1.0,derecha,15.52,0.01099,label_studio
C0130_cfr,MADRE,0.0,1.885,1.885,0.37,auto,C:\Users\dell\Documents\TIC\Codigo_TIC\videos\MADRE\C0130_cfr.mp4,True,59.94,1.0,derecha,20.27,0.00461,label_studio
C0057_cfr,MALO,0.0,2.436,2.436,0.304,auto,C:\Users\dell\Documents\TIC\Codigo_TIC\videos\MALO\C0057_cfr.mp4,True,29.97,0.892,derecha,14.64,0.0119,label_studio
C0056_cfr,MALÍSIMO,0.4,1.535,1.135,0.667,auto,C:\Users\dell\Documents\TIC\Codigo_TIC\videos\MALÍSIMO\C0056_cfr.mp4,True,29.97,1.0,ambas_der,13.69,0.0097,label_studio
C0058_cfr,MANIPULAR,0.067,2.603,2.536,0.435,auto,C:\Users\dell\Documents\TIC\Codigo_TIC\videos\MANIPULAR\C0058_cfr.mp4,True,29.97,1.0,ambas_izq,13.88,0.0134,label_studio
C0059_cfr,MANTECA,0.0,2.836,2.836,0.463,auto,C:\Users\dell\Documents\TIC\Codigo_TIC\videos\MANTECA\C0059_cfr.mp4,True,29.97,1.0,ambas_der,14.28,0.00776,label_studio
C0060_cfr,MANTENER,0.0,2.903,2.903,0.58,auto,C:\Users\dell\Documents\TIC\Codigo_TIC\videos\MANTENER\C0060_cfr.mp4,True,29.97,0.898,ambas_izq,13.7,0.01559,label_studio
20250402120610_cfr,MANZANA,0.117,0.501,0.384,0.875,auto,C:\Users\dell\Documents\TIC\Codigo_TIC\videos\MANZANA\20250402120610_cfr.mp4,True,59.94,1.0,izquierda,16.14,0.00683,label_studio
C0062_cfr,MATEMÁTICAS,0.0,2.669,2.669,0.378,auto,C:\Users\dell\Documents\TIC\Codigo_TIC\videos\MATEMÁTICAS\C0062_cfr.mp4,True,29.97,0.85,ambas_der,12.12,0.01569,label_studio
C0135_cfr,MAYORÍA,0.033,1.485,1.452,0.31,auto,C:\Users\dell\Documents\TIC\Codigo_TIC\videos\MAYORÍA\C0135_cfr.mp4,True,59.94,1.0,ambas_der,22.39,0.00591,label_studio
C0063_cfr,MEDIANOCHE,0.0,3.437,3.437,0.424,auto,C:\Users\dell\Documents\TIC\Codigo_TIC\videos\MEDIANOCHE\C0063_cfr.mp4,True,29.97,0.904,ambas_izq,13.97,0.01484,label_studio
C0064_cfr,MEDICAMENTO,0.601,3.036,2.435,0.47,auto,C:\Users\dell\Documents\TIC\Codigo_TIC\videos\MEDICAMENTO\C0064_cfr.mp4,True,29.97,1.0,ambas_izq,13.31,0.01224,label_studio
C0065_cfr,MEDIO,0.3,1.902,1.602,0.585,auto,C:\Users\dell\Documents\TIC\Codigo_TIC\videos\MEDIO\C0065_cfr.mp4,True,29.97,0.96,ambas_izq,13.48,0.02285,label_studio
C0066_cfr,MEJORA GRADUAL,0.133,2.469,2.336,0.476,auto,C:\Users\dell\Documents\TIC\Codigo_TIC\videos\MEJORA GRADUAL\C0066_cfr.mp4,True,29.97,1.0,ambas_izq,12.14,0.01072,label_studio
C0067_cfr,MEJORA GRADUAL,0.1,3.07,2.97,0.598,auto,C:\Users\dell\Documents\TIC\Codigo_TIC\videos\MEJORA GRADUAL\C0067_cfr.mp4,True,29.97,1.0,ambas_der,12.89,0.01557,label_studio
C0068_cfr,MEMORIZAR,0.701,2.569,1.868,0.612,auto,C:\Users\dell\Documents\TIC\Codigo_TIC\videos\MEMORIZAR\C0068_cfr.mp4,True,29.97,1.0,ambas_izq,14.28,0.01491,label_studio
C0069_cfr,MENOR,0.634,2.803,2.169,0.5,auto,C:\Users\dell\Documents\TIC\Codigo_TIC\videos\MENOR\C0069_cfr.mp4,True,29.97,1.0,ambas_der,14.34,0.01538,label_studio
C0070_cfr,MENOS,0.167,2.469,2.302,0.435,auto,C:\Users\dell\Documents\TIC\Codigo_TIC\videos\MENOS\C0070_cfr.mp4,True,29.97,1.0,derecha,14.75,0.01437,label_studio
C0071_cfr,MENTIR,0.501,1.768,1.267,0.806,auto,C:\Users\dell\Documents\TIC\Codigo_TIC\videos\MENTIR\C0071_cfr.mp4,True,29.97,1.0,derecha,14.78,0.01096,label_studio
C0275_cfr,MESA,0.033,1.568,1.535,0.692,auto,C:\Users\dell\Documents\TIC\Codigo_TIC\videos\MESA\C0275_cfr.mp4,True,29.97,1.0,ambas_izq,12.42,0.02318,label_studio
C0139_cfr,META,0.0,1.485,1.485,0.386,auto,C:\Users\dell\Documents\TIC\Codigo_TIC\videos\META\C0139_cfr.mp4,True,59.94,1.0,ambas_der,22.41,0.00878,label_studio
C0072_cfr,MIEMBRO,0.0,3.37,3.37,0.327,auto,C:\Users\dell\Documents\TIC\Codigo_TIC\videos\MIEMBRO\C0072_cfr.mp4,True,29.97,1.0,izquierda,15.85,0.01113,label_studio
C0255_cfr,MIL,0.0,1.368,1.368,0.6,auto,C:\Users\dell\Documents\TIC\Codigo_TIC\videos\MIL\C0255_cfr.mp4,True,29.97,1.0,derecha,12.7,0.01426,label_studio
C0256_cfr,MIL,0.534,2.336,1.802,0.745,auto,C:\Users\dell\Documents\TIC\Codigo_TIC\videos\MIL\C0256_cfr.mp4,True,29.97,1.0,derecha,12.0,0.01618,label_studio
C0257_cfr,MIL,0.2,1.902,1.702,0.727,auto,C:\Users\dell\Documents\TIC\Codigo_TIC\videos\MIL\C0257_cfr.mp4,True,29.97,1.0,derecha,13.59,0.01303,label_studio
C0074_cfr,MINUTO,0.701,2.402,1.701,0.5,auto,C:\Users\dell\Documents\TIC\Codigo_TIC\videos\MINUTO\C0074_cfr.mp4,True,29.97,1.0,ambas_izq,13.64,0.0162,label_studio
C0087_cfr,MIRA A LOS OJOS,0.334,1.802,1.468,0.595,auto,C:\Users\dell\Documents\TIC\Codigo_TIC\videos\MIRA A LOS OJOS\C0087_cfr.mp4,True,29.97,1.0,derecha,11.77,0.02279,label_studio
C0076_cfr,MIRAR,0.467,2.269,1.802,0.404,auto,C:\Users\dell\Documents\TIC\Codigo_TIC\videos\MIRAR\C0076_cfr.mp4,True,29.97,1.0,derecha,11.08,0.01899,label_studio
C0142_cfr,MISMA,0.017,0.918,0.901,0.489,auto,C:\Users\dell\Documents\TIC\Codigo_TIC\videos\MISMA\C0142_cfr.mp4,True,59.94,1.0,derecha,19.26,0.00341,label_studio
C0143_cfr,MISMA,0.2,0.801,0.601,0.35,auto,C:\Users\dell\Documents\TIC\Codigo_TIC\videos\MISMA\C0143_cfr.mp4,True,59.94,1.0,derecha,22.46,0.0005,label_studio
C0145_cfr,MISMA,0.0,0.384,0.384,1.0,auto,C:\Users\dell\Documents\TIC\Codigo_TIC\videos\MISMA\C0145_cfr.mp4,True,59.94,1.0,ambas_izq,18.6,0.01464,label_studio
C0147_cfr,MISTERIO,0.0,0.701,0.701,0.324,auto,C:\Users\dell\Documents\TIC\Codigo_TIC\videos\MISTERIO\C0147_cfr.mp4,True,59.94,1.0,ambas_der,22.9,0.0054,label_studio
C0148_cfr,MOLESTIA,0.0,0.434,0.434,1.0,auto,C:\Users\dell\Documents\TIC\Codigo_TIC\videos\MOLESTIA\C0148_cfr.mp4,True,59.94,1.0,ambas_der,23.24,0.01811,label_studio
C0150_cfr,MORMÓN,0.0,0.617,0.617,0.697,auto,C:\Users\dell\Documents\TIC\Codigo_TIC\videos\MORMÓN\C0150_cfr.mp4,True,59.94,1.0,derecha,28.56,0.00633,label_studio
C0151_cfr,MOTIVAR,0.0,1.451,1.451,0.422,auto,C:\Users\dell\Documents\TIC\Codigo_TIC\videos\MOTIVAR\C0151_cfr.mp4,True,59.94,1.0,ambas_der,21.22,0.00715,label_studio
C0152_cfr,MOTIVAR,0.0,1.718,1.718,0.551,auto,C:\Users\dell\Documents\TIC\Codigo_TIC\videos\MOTIVAR\C0152_cfr.mp4,True,59.94,1.0,ambas_der,21.88,0.0092,label_studio
C0153_cfr,MOTIVAR,0.0,1.401,1.401,0.5,auto,C:\Users\dell\Documents\TIC\Codigo_TIC\videos\MOTIVAR\C0153_cfr.mp4,True,59.94,1.0,ambas_izq,21.5,0.00885,label_studio
C0154_cfr,MOTIVAR,0.133,0.984,0.851,0.604,auto,C:\Users\dell\Documents\TIC\Codigo_TIC\videos\MOTIVAR\C0154_cfr.mp4,True,59.94,1.0,ambas_der,25.87,0.00819,label_studio
C0155_cfr,MOVER,0.0,1.485,1.485,0.371,auto,C:\Users\dell\Documents\TIC\Codigo_TIC\videos\MOVER\C0155_cfr.mp4,True,59.94,1.0,ambas_der,24.73,0.00649,label_studio
C0077_cfr,MUCHO,0.0,1.735,1.735,0.5,auto,C:\Users\dell\Documents\TIC\Codigo_TIC\videos\MUCHO\C0077_cfr.mp4,True,29.97,0.923,ambas_izq,14.2,0.01294,label_studio
C0078_cfr,MUCHOS,0.801,2.936,2.135,0.316,auto,C:\Users\dell\Documents\TIC\Codigo_TIC\videos\MUCHOS\C0078_cfr.mp4,True,29.97,1.0,ambas_izq,14.59,0.01182,label_studio
C0157_cfr,MUDARSE,0.0,0.901,0.901,0.708,auto,C:\Users\dell\Documents\TIC\Codigo_TIC\videos\MUDARSE\C0157_cfr.mp4,True,59.94,1.0,ambas_izq,24.08,0.01206,label_studio
C0158_cfr,MUDARSE,0.0,1.468,1.468,0.471,auto,C:\Users\dell\Documents\TIC\Codigo_TIC\videos\MUDARSE\C0158_cfr.mp4,True,59.94,1.0,derecha,23.61,0.00737,label_studio
C0159_cfr,MUDARSE,0.0,1.151,1.151,0.652,auto,C:\Users\dell\Documents\TIC\Codigo_TIC\videos\MUDARSE\C0159_cfr.mp4,True,59.94,1.0,ambas_izq,23.64,0.01087,label_studio
C0160_cfr,MUDARSE,0.2,1.685,1.485,0.683,auto,C:\Users\dell\Documents\TIC\Codigo_TIC\videos\MUDARSE\C0160_cfr.mp4,True,59.94,1.0,ambas_izq,23.2,0.01078,label_studio
C0161_cfr,MUDARSE,0.0,1.902,1.902,0.582,auto,C:\Users\dell\Documents\TIC\Codigo_TIC\videos\MUDARSE\C0161_cfr.mp4,True,59.94,1.0,ambas_izq,22.76,0.01101,label_studio
C0199_cfr,MUJER,0.968,1.902,0.934,0.762,auto,C:\Users\dell\Documents\TIC\Codigo_TIC\videos\MUJER\C0199_cfr.mp4,True,29.97,1.0,derecha,17.39,0.01068,label_studio
C0220_cfr,MUY,0.0,1.702,1.702,0.875,auto,C:\Users\dell\Documents\TIC\Codigo_TIC\videos\MUY\C0220_cfr.mp4,True,29.97,1.0,ambas_der,12.37,0.01876,label_studio
C0219_cfr,MUY RÁPIDO,0.0,0.801,0.801,0.824,auto,C:\Users\dell\Documents\TIC\Codigo_TIC\videos\MUY RÁPIDO\C0219_cfr.mp4,True,29.97,1.0,derecha,12.05,0.01046,label_studio
C0225_cfr,MÁS ADELANTE,0.0,2.069,2.069,0.746,auto,C:\Users\dell\Documents\TIC\Codigo_TIC\videos\MÁS ADELANTE\C0225_cfr.mp4,True,29.97,1.0,derecha,11.95,0.0162,label_studio
C0061_cfr,MÁS TARDE_2,0.0,2.402,2.402,0.588,auto,C:\Users\dell\Documents\TIC\Codigo_TIC\videos\MÁS TARDE_2\C0061_cfr.mp4,True,29.97,0.847,izquierda,14.82,0.01675,label_studio
C0079_cfr,NACIDO,0.701,2.102,1.401,0.857,auto,C:\Users\dell\Documents\TIC\Codigo_TIC\videos\NACIDO\C0079_cfr.mp4,True,29.97,1.0,ambas_der,12.82,0.01542,label_studio
C0080_cfr,NACIDO,0.234,2.269,2.035,0.556,auto,C:\Users\dell\Documents\TIC\Codigo_TIC\videos\NACIDO\C0080_cfr.mp4,True,29.97,1.0,derecha,14.23,0.01333,label_studio
C0276_cfr,NADAR,0.0,1.668,1.668,0.426,auto,C:\Users\dell\Documents\TIC\Codigo_TIC\videos\NADAR\C0276_cfr.mp4,True,29.97,1.0,ambas_der,12.04,0.01613,label_studio
C0164_cfr,NAVEGAR EN INTERNET,0.0,1.985,1.985,0.367,auto,C:\Users\dell\Documents\TIC\Codigo_TIC\videos\NAVEGAR EN INTERNET\C0164_cfr.mp4,True,59.94,1.0,ambas_der,23.99,0.00608,label_studio
C0166_cfr,NAVEGAR EN INTERNET,0.901,1.335,0.434,1.0,auto,C:\Users\dell\Documents\TIC\Codigo_TIC\videos\NAVEGAR EN INTERNET\C0166_cfr.mp4,True,59.94,1.0,izquierda,22.15,0.01285,label_studio
C0068_cfr,NAVIDAD,0.0,1.902,1.902,0.604,auto,C:\Users\dell\Documents\TIC\Codigo_TIC\videos\NAVIDAD\C0068_cfr.mp4,True,29.97,1.0,ambas_der,20.63,0.01229,label_studio
C0069_cfr,NAVIDAD,0.067,1.969,1.902,0.679,auto,C:\Users\dell\Documents\TIC\Codigo_TIC\videos\NAVIDAD\C0069_cfr.mp4,True,29.97,1.0,ambas_izq,20.44,0.01488,label_studio
C0081_cfr,NEGRO,0.0,2.436,2.436,0.471,auto,C:\Users\dell\Documents\TIC\Codigo_TIC\videos\NEGRO\C0081_cfr.mp4,True,29.97,1.0,derecha,13.6,0.01016,label_studio
C0250_cfr,NEUMÁTICO,0.434,2.469,2.035,0.714,auto,C:\Users\dell\Documents\TIC\Codigo_TIC\videos\NEUMÁTICO\C0250_cfr.mp4,True,29.97,1.0,ambas_der,14.88,0.01137,label_studio
C0167_cfr,NINGUNO,0.0,0.684,0.684,0.514,auto,C:\Users\dell\Documents\TIC\Codigo_TIC\videos\NINGUNO\C0167_cfr.mp4,True,59.94,1.0,derecha,22.62,0.00454,label_studio
C0169_cfr,NIVEL A-ARRIBA,0.0,1.985,1.985,0.364,auto,C:\Users\dell\Documents\TIC\Codigo_TIC\videos\NIVEL A-ARRIBA\C0169_cfr.mp4,True,59.94,1.0,ambas_izq,23.3,0.00709,label_studio
C0082_cfr,NIÑO SCOUT,0.0,2.369,2.369,0.515,auto,C:\Users\dell\Documents\TIC\Codigo_TIC\videos\NIÑO SCOUT\C0082_cfr.mp4,True,29.97,1.0,derecha,14.65,0.01233,label_studio
C0183_cfr,NO,0.0,0.984,0.984,0.362,auto,C:\Users\dell\Documents\TIC\Codigo_TIC\videos\NO\C0183_cfr.mp4,True,59.94,1.0,derecha,21.19,0.00267,label_studio
C0185_cfr,NO,0.2,0.801,0.601,0.35,auto,C:\Users\dell\Documents\TIC\Codigo_TIC\videos\NO\C0185_cfr.mp4,True,59.94,1.0,derecha,28.33,0.00063,label_studio
C0187_cfr,NO,0.2,0.801,0.601,0.35,auto,C:\Users\dell\Documents\TIC\Codigo_TIC\videos\NO\C0187_cfr.mp4,True,59.94,1.0,derecha,25.32,0.00152,label_studio
C0171_cfr,NO BUENO,0.0,0.584,0.584,0.667,auto,C:\Users\dell\Documents\TIC\Codigo_TIC\videos\NO BUENO\C0171_cfr.mp4,True,59.94,1.0,derecha,26.09,0.00452,label_studio
C0172_cfr,NO BUENO,0.067,1.485,1.418,0.309,auto,C:\Users\dell\Documents\TIC\Codigo_TIC\videos\NO BUENO\C0172_cfr.mp4,True,59.94,1.0,derecha,26.64,0.00235,label_studio
C0177_cfr,NO PREOCUPARSE,0.0,1.285,1.285,0.438,auto,C:\Users\dell\Documents\TIC\Codigo_TIC\videos\NO PREOCUPARSE\C0177_cfr.mp4,True,59.94,1.0,ambas_izq,25.98,0.00682,label_studio
C0083_cfr,NO SABER NADA,0.3,2.603,2.303,0.645,auto,C:\Users\dell\Documents\TIC\Codigo_TIC\videos\NO SABER NADA\C0083_cfr.mp4,True,29.97,0.986,ambas_der,11.87,0.01644,label_studio
C0084_cfr,NO SABER NADA,0.167,1.935,1.768,0.717,auto,C:\Users\dell\Documents\TIC\Codigo_TIC\videos\NO SABER NADA\C0084_cfr.mp4,True,29.97,1.0,ambas_der,13.89,0.01767,label_studio
C0179_cfr,NO+DEBE,0.033,1.485,1.452,0.4,auto,C:\Users\dell\Documents\TIC\Codigo_TIC\videos\NO+DEBE\C0179_cfr.mp4,True,59.94,1.0,derecha,20.01,0.00415,label_studio
C0180_cfr,NO+DEBE,0.0,1.468,1.468,0.464,auto,C:\Users\dell\Documents\TIC\Codigo_TIC\videos\NO+DEBE\C0180_cfr.mp4,True,59.94,1.0,ambas_der,23.17,0.00934,label_studio
C0181_cfr,NO+DEBE,0.0,1.485,1.485,0.518,auto,C:\Users\dell\Documents\TIC\Codigo_TIC\videos\NO+DEBE\C0181_cfr.mp4,True,59.94,1.0,ambas_izq,21.14,0.00857,label_studio
C0189_cfr,NOCHE,0.0,2.469,2.469,0.303,auto,C:\Users\dell\Documents\TIC\Codigo_TIC\videos\NOCHE\C0189_cfr.mp4,True,59.94,1.0,izquierda,27.42,0.00691,label_studio
C0190_cfr,NOCHE,0.0,1.301,1.301,0.533,auto,C:\Users\dell\Documents\TIC\Codigo_TIC\videos\NOCHE\C0190_cfr.mp4,True,59.94,1.0,ambas_izq,19.3,0.00864,label_studio
C0191_cfr,NOCHE,0.0,1.485,1.485,0.438,auto,C:\Users\dell\Documents\TIC\Codigo_TIC\videos\NOCHE\C0191_cfr.mp4,True,59.94,1.0,ambas_izq,20.88,0.00992,label_studio
C0194_cfr,OBTENER ENTRADA,0.0,1.485,1.485,0.3,auto,C:\Users\dell\Documents\TIC\Codigo_TIC\videos\OBTENER ENTRADA\C0194_cfr.mp4,True,59.94,1.0,derecha,22.35,0.00572,label_studio
C0195_cfr,OBTENER ENTRADA,0.033,1.985,1.952,0.36,auto,C:\Users\dell\Documents\TIC\Codigo_TIC\videos\OBTENER ENTRADA\C0195_cfr.mp4,True,59.94,1.0,ambas_der,28.38,0.00555,label_studio
C0196_cfr,OBTENER ENTRADA,0.05,1.635,1.585,0.523,auto,C:\Users\dell\Documents\TIC\Codigo_TIC\videos\OBTENER ENTRADA\C0196_cfr.mp4,True,59.94,1.0,ambas_der,26.21,0.00865,label_studio
C0198_cfr,OCÉANO,0.0,2.586,2.586,0.48,auto,C:\Users\dell\Documents\TIC\Codigo_TIC\videos\OCÉANO\C0198_cfr.mp4,True,59.94,1.0,derecha,27.15,0.00765,label_studio
C0223_cfr,OCÉANO,0.0,1.985,1.985,0.397,auto,C:\Users\dell\Documents\TIC\Codigo_TIC\videos\OCÉANO\C0223_cfr.mp4,True,59.94,1.0,derecha,21.86,0.0063,label_studio
C0085_cfr,ODIAR,0.0,2.169,2.169,0.435,auto,C:\Users\dell\Documents\TIC\Codigo_TIC\videos\ODIAR\C0085_cfr.mp4,True,29.97,0.97,derecha,13.16,0.02021,label_studio
C0086_cfr,ODIAR,0.267,3.136,2.869,0.519,auto,C:\Users\dell\Documents\TIC\Codigo_TIC\videos\ODIAR\C0086_cfr.mp4,True,30.0,1.0,ambas_der,12.69,0.01369,label_studio
C0204_cfr,OJOS,1.034,1.368,0.334,0.462,auto,C:\Users\dell\Documents\TIC\Codigo_TIC\videos\OJOS\C0204_cfr.mp4,True,59.94,1.0,derecha,29.88,0.00644,label_studio
C0205_cfr,OJOS,0.2,0.801,0.601,0.35,auto,C:\Users\dell\Documents\TIC\Codigo_TIC\videos\OJOS\C0205_cfr.mp4,True,59.94,1.0,ambas_izq,24.17,0.00073,label_studio
C0088_cfr,OLVÍDALO,0.334,2.302,1.968,0.462,auto,C:\Users\dell\Documents\TIC\Codigo_TIC\videos\OLVÍDALO\C0088_cfr.mp4,True,29.97,1.0,derecha,12.91,0.0148,label_studio
C0089_cfr,OLVÍDALO,0.3,1.969,1.669,0.581,auto,C:\Users\dell\Documents\TIC\Codigo_TIC\videos\OLVÍDALO\C0089_cfr.mp4,True,29.97,1.0,derecha,12.06,0.01957,label_studio
C0206_cfr,OPORTUNIDAD,0.083,1.485,1.402,0.407,auto,C:\Users\dell\Documents\TIC\Codigo_TIC\videos\OPORTUNIDAD\C0206_cfr.mp4,True,59.94,1.0,ambas_izq,25.67,0.0072,label_studio
C0207_cfr,OPORTUNIDAD,0.0,1.401,1.401,0.444,auto,C:\Users\dell\Documents\TIC\Codigo_TIC\videos\OPORTUNIDAD\C0207_cfr.mp4,True,59.94,1.0,ambas_izq,20.61,0.00843,label_studio
C0208_cfr,OPORTUNIDAD,0.083,1.168,1.085,0.586,auto,C:\Users\dell\Documents\TIC\Codigo_TIC\videos\OPORTUNIDAD\C0208_cfr.mp4,True,59.94,1.0,ambas_der,27.49,0.00988,label_studio
C0209_cfr,OPUESTO,0.0,1.485,1.485,0.382,auto,C:\Users\dell\Documents\TIC\Codigo_TIC\videos\OPUESTO\C0209_cfr.mp4,True,59.94,1.0,izquierda,22.82,0.00706,label_studio
C0210_cfr,OPUESTO,0.0,1.485,1.485,0.367,auto,C:\Users\dell\Documents\TIC\Codigo_TIC\videos\OPUESTO\C0210_cfr.mp4,True,59.94,1.0,izquierda,23.46,0.0073,label_studio
C0211_cfr,OPUESTO,0.0,1.485,1.485,0.378,auto,C:\Users\dell\Documents\TIC\Codigo_TIC\videos\OPUESTO\C0211_cfr.mp4,True,59.94,1.0,ambas_izq,27.93,0.00667,label_studio
C0213_cfr,ORDEN,0.117,1.535,1.418,0.679,auto,C:\Users\dell\Documents\TIC\Codigo_TIC\videos\ORDEN\C0213_cfr.mp4,True,59.94,1.0,ambas_izq,25.97,0.01006,label_studio
C0215_cfr,ORGANIZACIÓN,0.0,0.701,0.701,0.711,auto,C:\Users\dell\Documents\TIC\Codigo_TIC\videos\ORGANIZACIÓN\C0215_cfr.mp4,True,59.94,1.0,ambas_izq,27.56,0.01066,label_studio
C0217_cfr,ORGANIZAR,0.0,0.484,0.484,0.68,auto,C:\Users\dell\Documents\TIC\Codigo_TIC\videos\ORGANIZAR\C0217_cfr.mp4,True,59.94,1.0,ambas_der,23.06,0.00853,label_studio
C0218_cfr,ORGANIZAR,0.0,1.485,1.485,0.352,auto,C:\Users\dell\Documents\TIC\Codigo_TIC\videos\ORGANIZAR\C0218_cfr.mp4,True,59.94,1.0,derecha,25.0,0.00561,label_studio
C0090_cfr,OSO,0.0,2.936,2.936,0.571,auto,C:\Users\dell\Documents\TIC\Codigo_TIC\videos\OSO\C0090_cfr.mp4,True,29.97,0.932,ambas_izq,12.95,0.02064,label_studio
C0091_cfr,OTOÑO,0.3,2.703,2.403,0.662,auto,C:\Users\dell\Documents\TIC\Codigo_TIC\videos\OTOÑO\C0091_cfr.mp4,True,29.97,1.0,ambas_der,13.1,0.0169,label_studio
C0092_cfr,PADRE,0.434,2.035,1.601,0.463,auto,C:\Users\dell\Documents\TIC\Codigo_TIC\videos\PADRE\C0092_cfr.mp4,True,29.97,1.0,derecha,12.6,0.01058,label_studio
C0219_cfr,PALOMITAS,0.033,0.701,0.668,0.515,auto,C:\Users\dell\Documents\TIC\Codigo_TIC\videos\PALOMITAS\C0219_cfr.mp4,True,59.94,1.0,ambas_der,27.2,0.00631,label_studio
C0220_cfr,PALOMITAS,0.067,1.468,1.401,0.377,auto,C:\Users\dell\Documents\TIC\Codigo_TIC\videos\PALOMITAS\C0220_cfr.mp4,True,59.94,1.0,ambas_der,26.59,0.00652,label_studio
C0222_cfr,PAPEL,0.0,0.868,0.868,0.587,auto,C:\Users\dell\Documents\TIC\Codigo_TIC\videos\PAPEL\C0222_cfr.mp4,True,59.94,1.0,ambas_izq,21.94,0.009,label_studio
C0096_cfr,PARA,0.0,2.202,2.202,0.46,auto,C:\Users\dell\Documents\TIC\Codigo_TIC\videos\PARA\C0096_cfr.mp4,True,29.97,0.833,derecha,11.6,0.01075,label_studio
C0224_cfr,PARECER,0.017,0.551,0.534,0.8,auto,C:\Users\dell\Documents\TIC\Codigo_TIC\videos\PARECER\C0224_cfr.mp4,True,59.94,1.0,ambas_izq,21.02,0.01368,label_studio
C0226_cfr,PARECER,0.0,0.501,0.501,0.36,auto,C:\Users\dell\Documents\TIC\Codigo_TIC\videos\PARECER\C0226_cfr.mp4,True,59.94,1.0,ambas_izq,22.07,0.00591,label_studio
C0230_cfr,PASTEL,0.0,2.486,2.486,0.442,auto,C:\Users\dell\Documents\TIC\Codigo_TIC\videos\PASTEL\C0230_cfr.mp4,True,59.94,1.0,ambas_izq,26.19,0.00863,label_studio
C0231_cfr,PASTEL,0.0,2.436,2.436,0.465,auto,C:\Users\dell\Documents\TIC\Codigo_TIC\videos\PASTEL\C0231_cfr.mp4,True,59.94,1.0,ambas_izq,24.32,0.00787,label_studio
C0232_cfr,PASTEL,0.083,2.486,2.403,0.348,auto,C:\Users\dell\Documents\TIC\Codigo_TIC\videos\PASTEL\C0232_cfr.mp4,True,59.94,1.0,ambas_der,24.61,0.00666,label_studio
C0233_cfr,PASTEL,0.0,1.985,1.985,0.403,auto,C:\Users\dell\Documents\TIC\Codigo_TIC\videos\PASTEL\C0233_cfr.mp4,True,59.94,1.0,ambas_der,24.72,0.00699,label_studio
C0097_cfr,PATADA INICIAL,0.0,1.702,1.702,0.583,auto,C:\Users\dell\Documents\TIC\Codigo_TIC\videos\PATADA INICIAL\C0097_cfr.mp4,True,29.97,0.846,ambas_izq,12.46,0.01365,label_studio
C0098_cfr,PATADA INICIAL,0.367,1.935,1.568,0.75,auto,C:\Users\dell\Documents\TIC\Codigo_TIC\videos\PATADA INICIAL\C0098_cfr.mp4,True,29.97,1.0,derecha,13.48,0.01947,label_studio
C0238_cfr,PAVO,0.033,1.034,1.001,0.652,auto,C:\Users\dell\Documents\TIC\Codigo_TIC\videos\PAVO\C0238_cfr.mp4,True,29.97,1.0,derecha,13.3,0.00884,label_studio
C0099_cfr,PEDO,0.033,3.103,3.07,0.424,auto,C:\Users\dell\Documents\TIC\Codigo_TIC\videos\PEDO\C0099_cfr.mp4,True,29.97,1.0,derecha,16.09,0.0118,label_studio
C0100_cfr,PEDO,0.267,2.803,2.536,0.725,auto,C:\Users\dell\Documents\TIC\Codigo_TIC\videos\PEDO\C0100_cfr.mp4,True,29.97,1.0,derecha,15.43,0.01511,label_studio
C0238_cfr,PELEA,0.0,1.919,1.919,0.643,auto,C:\Users\dell\Documents\TIC\Codigo_TIC\videos\PELEA\C0238_cfr.mp4,True,59.94,1.0,ambas_der,18.54,0.0131,label_studio
C0101_cfr,PELIGRO,0.0,1.668,1.668,0.702,auto,C:\Users\dell\Documents\TIC\Codigo_TIC\videos\PELIGRO\C0101_cfr.mp4,True,29.97,1.0,derecha,10.16,0.01444,label_studio
C0102_cfr,PELO+TINTE,0.334,2.536,2.202,0.593,auto,C:\Users\dell\Documents\TIC\Codigo_TIC\videos\PELO+TINTE\C0102_cfr.mp4,True,29.97,1.0,derecha,14.72,0.01053,label_studio
C0239_cfr,PELÍCULA,0.017,1.985,1.968,0.357,auto,C:\Users\dell\Documents\TIC\Codigo_TIC\videos\PELÍCULA\C0239_cfr.mp4,True,59.94,1.0,ambas_der,26.77,0.00716,label_studio
C0241_cfr,PELÍCULA,0.45,0.834,0.384,0.312,auto,C:\Users\dell\Documents\TIC\Codigo_TIC\videos\PELÍCULA\C0241_cfr.mp4,True,59.94,1.0,ambas_izq,20.5,0.00636,label_studio
C0103_cfr,PERDER COMPETENCIA,0.0,2.836,2.836,0.667,auto,C:\Users\dell\Documents\TIC\Codigo_TIC\videos\PERDER COMPETENCIA\C0103_cfr.mp4,True,29.97,0.918,ambas_izq,13.43,0.02071,label_studio
C0104_cfr,PERDER COMPETENCIA,0.0,2.469,2.469,0.731,auto,C:\Users\dell\Documents\TIC\Codigo_TIC\videos\PERDER COMPETENCIA\C0104_cfr.mp4,True,29.97,1.0,ambas_der,11.52,0.02272,label_studio
C0105_cfr,PEREZOSO,0.234,1.702,1.468,0.649,auto,C:\Users\dell\Documents\TIC\Codigo_TIC\videos\PEREZOSO\C0105_cfr.mp4,True,29.97,1.0,derecha,13.45,0.01394,label_studio
C0252_cfr,PERIODO DE TIEMPO,0.834,1.735,0.901,0.75,auto,C:\Users\dell\Documents\TIC\Codigo_TIC\videos\PERIODO DE TIEMPO\C0252_cfr.mp4,True,29.97,1.0,ambas_der,11.7,0.01954,label_studio
C0243_cfr,PERMISO,0.0,1.485,1.485,0.302,auto,C:\Users\dell\Documents\TIC\Codigo_TIC\videos\PERMISO\C0243_cfr.mp4,True,59.94,1.0,ambas_der,22.2,0.00577,label_studio
C0244_cfr,PERMISO,0.0,1.401,1.401,0.383,auto,C:\Users\dell\Documents\TIC\Codigo_TIC\videos\PERMISO\C0244_cfr.mp4,True,59.94,1.0,ambas_der,20.18,0.00585,label_studio
20250402104815_cfr,PERMITIR,0.0,1.451,1.451,0.488,auto,C:\Users\dell\Documents\TIC\Codigo_TIC\videos\PERMITIR\20250402104815_cfr.mp4,True,59.94,1.0,ambas_izq,17.53,0.0077,label_studio
20250402104826_cfr,PERMITIR,0.1,1.485,1.385,0.425,auto,C:\Users\dell\Documents\TIC\Codigo_TIC\videos\PERMITIR\20250402104826_cfr.mp4,True,59.94,1.0,ambas_izq,16.93,0.00685,label_studio
20250402104925_cfr,PERMITIR,0.0,1.084,1.084,0.367,auto,C:\Users\dell\Documents\TIC\Codigo_TIC\videos\PERMITIR\20250402104925_cfr.mp4,True,59.94,1.0,ambas_izq,16.88,0.00591,label_studio
C0106_cfr,PERRO,0.0,2.202,2.202,0.317,auto,C:\Users\dell\Documents\TIC\Codigo_TIC\videos\PERRO\C0106_cfr.mp4,True,29.97,1.0,ambas_der,14.66,0.01079,label_studio
C0107_cfr,PERSEGUIR,0.3,2.035,1.735,0.689,auto,C:\Users\dell\Documents\TIC\Codigo_TIC\videos\PERSEGUIR\C0107_cfr.mp4,True,29.97,1.0,derecha,11.82,0.0166,label_studio
C0245_cfr,PERSONA,0.017,1.485,1.468,0.429,auto,C:\Users\dell\Documents\TIC\Codigo_TIC\videos\PERSONA\C0245_cfr.mp4,True,59.94,1.0,derecha,23.23,0.00566,label_studio
C0246_cfr,PERSONA,0.0,1.401,1.401,0.37,auto,C:\Users\dell\Documents\TIC\Codigo_TIC\videos\PERSONA\C0246_cfr.mp4,True,59.94,1.0,ambas_der,19.19,0.00738,label_studio
C0247_cfr,PERSONA,0.0,1.301,1.301,0.568,auto,C:\Users\dell\Documents\TIC\Codigo_TIC\videos\PERSONA\C0247_cfr.mp4,True,59.94,1.0,izquierda,21.44,0.00561,label_studio
C0108_cfr,PERSONAJE,0.0,2.402,2.402,0.377,auto,C:\Users\dell\Documents\TIC\Codigo_TIC\videos\PERSONAJE\C0108_cfr.mp4,True,29.97,1.0,derecha,15.63,0.00756,label_studio
C0249_cfr,PERSONALIDAD,0.0,1.985,1.985,0.398,auto,C:\Users\dell\Documents\TIC\Codigo_TIC\videos\PERSONALIDAD\C0249_cfr.mp4,True,59.94,1.0,derecha,21.92,0.00508,label_studio
C0251_cfr,PERSONALIDAD,0.05,1.568,1.518,0.333,auto,C:\Users\dell\Documents\TIC\Codigo_TIC\videos\PERSONALIDAD\C0251_cfr.mp4,True,59.94,1.0,derecha,22.52,0.00384,label_studio
C0109_cfr,PERTENECER,0.0,3.37,3.37,0.564,auto,C:\Users\dell\Documents\TIC\Codigo_TIC\videos\PERTENECER\C0109_cfr.mp4,True,29.97,1.0,ambas_izq,12.92,0.01252,label_studio
C0257_cfr,PIZZA_4,0.0,1.068,1.068,0.45,auto,C:\Users\dell\Documents\TIC\Codigo_TIC\videos\PIZZA_4\C0257_cfr.mp4,True,59.94,1.0,derecha,21.05,0.00835,label_studio
C0259_cfr,PIZZA_4,0.0,1.485,1.485,0.318,auto,C:\Users\dell\Documents\TIC\Codigo_TIC\videos\PIZZA_4\C0259_cfr.mp4,True,59.94,1.0,derecha,25.46,0.00489,label_studio
C0260_cfr,PIZZA_4,0.0,1.969,1.969,0.395,auto,C:\Users\dell\Documents\TIC\Codigo_TIC\videos\PIZZA_4\C0260_cfr.mp4,True,59.94,1.0,derecha,26.11,0.00743,label_studio
C0252_cfr,PIÑA,0.017,0.517,0.5,1.0,auto,C:\Users\dell\Documents\TIC\Codigo_TIC\videos\PIÑA\C0252_cfr.mp4,True,59.94,1.0,izquierda,24.59,0.01306,label_studio
C0253_cfr,PIÑA,0.033,0.567,0.534,0.92,auto,C:\Users\dell\Documents\TIC\Codigo_TIC\videos\PIÑA\C0253_cfr.mp4,True,59.94,1.0,ambas_der,20.84,0.01192,label_studio
C0256_cfr,PIÑA,0.0,0.534,0.534,1.0,auto,C:\Users\dell\Documents\TIC\Codigo_TIC\videos\PIÑA\C0256_cfr.mp4,True,59.94,1.0,ambas_izq,22.23,0.01361,label_studio
C0110_cfr,POCOS,0.0,2.436,2.436,0.441,auto,C:\Users\dell\Documents\TIC\Codigo_TIC\videos\POCOS\C0110_cfr.mp4,True,29.97,1.0,derecha,16.32,0.00791,label_studio
C0111_cfr,POLICÍA,0.1,2.469,2.369,0.516,auto,C:\Users\dell\Documents\TIC\Codigo_TIC\videos\POLICÍA\C0111_cfr.mp4,True,29.97,1.0,derecha,18.16,0.011,label_studio
C0261_cfr,POLÍTICA,0.0,0.684,0.684,0.684,auto,C:\Users\dell\Documents\TIC\Codigo_TIC\videos\POLÍTICA\C0261_cfr.mp4,True,59.94,1.0,ambas_izq,23.31,0.01418,label_studio
C0264_cfr,PONER,0.0,0.984,0.984,0.55,auto,C:\Users\dell\Documents\TIC\Codigo_TIC\videos\PONER\C0264_cfr.mp4,True,59.94,1.0,ambas_izq,21.56,0.00887,label_studio
C0112_cfr,POR QUÉ,0.0,1.201,1.201,0.697,auto,C:\Users\dell\Documents\TIC\Codigo_TIC\videos\POR QUÉ\C0112_cfr.mp4,True,29.97,1.0,derecha,15.9,0.01372,label_studio
C0113_cfr,POR QUÉ,0.1,2.97,2.87,0.415,auto,C:\Users\dell\Documents\TIC\Codigo_TIC\videos\POR QUÉ\C0113_cfr.mp4,True,29.97,1.0,derecha,14.96,0.0149,label_studio
C0265_cfr,POR SUPUESTO,0.0,0.334,0.334,1.0,auto,C:\Users\dell\Documents\TIC\Codigo_TIC\videos\POR SUPUESTO\C0265_cfr.mp4,True,59.94,1.0,ambas_der,20.02,0.01235,label_studio
C0112_cfr,PORQUE,0.0,1.201,1.201,0.719,auto,C:\Users\dell\Documents\TIC\Codigo_TIC\videos\PORQUE\C0112_cfr.mp4,True,29.97,1.0,derecha,15.9,0.01372,label_studio
C0113_cfr,PORQUE,0.1,2.97,2.87,0.378,auto,C:\Users\dell\Documents\TIC\Codigo_TIC\videos\PORQUE\C0113_cfr.mp4,True,29.97,1.0,derecha,14.96,0.0149,label_studio
C0267_cfr,PRECIO,0.2,0.801,0.601,0.35,auto,C:\Users\dell\Documents\TIC\Codigo_TIC\videos\PRECIO\C0267_cfr.mp4,True,59.94,1.0,izquierda,21.69,0.00322,label_studio
C0114_cfr,PREGUNTAR,0.0,1.802,1.802,0.5,auto,C:\Users\dell\Documents\TIC\Codigo_TIC\videos\PREGUNTAR\C0114_cfr.mp4,True,29.97,1.0,derecha,14.28,0.01123,label_studio
C0115_cfr,PREGUNTAR,0.0,2.469,2.469,0.632,auto,C:\Users\dell\Documents\TIC\Codigo_TIC\videos\PREGUNTAR\C0115_cfr.mp4,True,29.97,1.0,ambas_der,15.89,0.01526,label_studio
C0198_cfr,PREGUNTARSE,0.0,1.468,1.468,0.698,auto,C:\Users\dell\Documents\TIC\Codigo_TIC\videos\PREGUNTARSE\C0198_cfr.mp4,True,29.97,1.0,ambas_der,12.16,0.01547,label_studio
C0116_cfr,PRIMERO,0.0,2.469,2.469,0.6,auto,C:\Users\dell\Documents\TIC\Codigo_TIC\videos\PRIMERO\C0116_cfr.mp4,True,29.97,1.0,ambas_der,15.22,0.01666,label_studio
C0117_cfr,PRIMERO Y SEGUNDO EN LA LISTA,0.0,2.202,2.202,0.54,auto,C:\Users\dell\Documents\TIC\Codigo_TIC\videos\PRIMERO Y SEGUNDO EN LA LISTA\C0117_cfr.mp4,True,29.97,1.0,ambas_izq,14.55,0.01574,label_studio
C0118_cfr,PRIMO,0.2,2.769,2.569,0.5,auto,C:\Users\dell\Documents\TIC\Codigo_TIC\videos\PRIMO\C0118_cfr.mp4,True,29.97,1.0,ambas_izq,15.39,0.0155,label_studio
C0119_cfr,PRIMO MASCULINO,0.467,2.736,2.269,0.59,auto,C:\Users\dell\Documents\TIC\Codigo_TIC\videos\PRIMO MASCULINO\C0119_cfr.mp4,True,29.97,1.0,ambas_der,15.56,0.01532,label_studio
C0120_cfr,PROFUNDO,0.0,1.802,1.802,0.686,auto,C:\Users\dell\Documents\TIC\Codigo_TIC\videos\PROFUNDO\C0120_cfr.mp4,True,29.97,1.0,derecha,15.38,0.01708,label_studio
C0121_cfr,PROMEDIO,0.234,2.402,2.168,0.552,auto,C:\Users\dell\Documents\TIC\Codigo_TIC\videos\PROMEDIO\C0121_cfr.mp4,True,29.97,1.0,ambas_izq,16.66,0.0136,label_studio
C0262_cfr,PRUEBA,0.0,1.301,1.301,0.611,auto,C:\Users\dell\Documents\TIC\Codigo_TIC\videos\PRUEBA\C0262_cfr.mp4,True,29.97,1.0,derecha,13.22,0.00947,label_studio
C0193_cfr,PRÓXIMO,0.0,1.468,1.468,0.911,auto,C:\Users\dell\Documents\TIC\Codigo_TIC\videos\PRÓXIMO\C0193_cfr.mp4,True,29.97,1.0,derecha,16.53,0.01784,label_studio
C0122_cfr,PULSERA,0.0,2.469,2.469,0.514,auto,C:\Users\dell\Documents\TIC\Codigo_TIC\videos\PULSERA\C0122_cfr.mp4,True,29.97,1.0,ambas_der,15.15,0.0167,label_studio
C0095_cfr,PÁJARO,0.0,2.87,2.87,0.651,auto,C:\Users\dell\Documents\TIC\Codigo_TIC\videos\PÁJARO\C0095_cfr.mp4,True,29.97,1.0,ambas_der,12.14,0.01835,label_studio
C0204_cfr,QUÉ,0.2,1.468,1.268,0.71,auto,C:\Users\dell\Documents\TIC\Codigo_TIC\videos\QUÉ\C0204_cfr.mp4,True,29.97,1.0,ambas_izq,14.49,0.0113,label_studio
C0216_cfr,RANGO DE VOZ,0.0,2.769,2.769,0.725,auto,C:\Users\dell\Documents\TIC\Codigo_TIC\videos\RANGO DE VOZ\C0216_cfr.mp4,True,29.97,1.0,derecha,14.23,0.01056,label_studio
C0126_cfr,RECOLECTAR,0.0,2.936,2.936,0.602,auto,C:\Users\dell\Documents\TIC\Codigo_TIC\videos\RECOLECTAR\C0126_cfr.mp4,True,29.97,1.0,derecha,14.46,0.0122,label_studio
C0259_cfr,REFLEXIONAR,0.0,2.302,2.302,0.439,auto,C:\Users\dell\Documents\TIC\Codigo_TIC\videos\REFLEXIONAR\C0259_cfr.mp4,True,29.97,1.0,ambas_izq,13.51,0.01475,label_studio
C0127_cfr,REGALO,0.1,2.736,2.636,0.653,auto,C:\Users\dell\Documents\TIC\Codigo_TIC\videos\REGALO\C0127_cfr.mp4,True,29.97,1.0,ambas_der,14.09,0.01835,label_studio
C0129_cfr,RELACIONES SEXUALES+fs-UP,0.567,2.936,2.369,0.547,auto,C:\Users\dell\Documents\TIC\Codigo_TIC\videos\RELACIONES SEXUALES+fs-UP\C0129_cfr.mp4,True,29.97,1.0,ambas_izq,16.65,0.01623,label_studio
C0130_cfr,RELACIONES SEXUALES+fs-UP,0.534,2.536,2.002,0.509,auto,C:\Users\dell\Documents\TIC\Codigo_TIC\videos\RELACIONES SEXUALES+fs-UP\C0130_cfr.mp4,True,29.97,1.0,ambas_der,16.1,0.01432,label_studio
C0131_cfr,RELOJ,0.0,2.436,2.436,0.388,auto,C:\Users\dell\Documents\TIC\Codigo_TIC\videos\RELOJ\C0131_cfr.mp4,True,29.97,1.0,ambas_der,14.98,0.01309,label_studio
C0132_cfr,RESIDENCIA UNIVERSITARIA,0.367,2.736,2.369,0.656,auto,C:\Users\dell\Documents\TIC\Codigo_TIC\videos\RESIDENCIA UNIVERSITARIA\C0132_cfr.mp4,True,29.97,1.0,ambas_der,15.63,0.01798,label_studio
C0133_cfr,RESIDENCIA UNIVERSITARIA,0.2,2.469,2.269,0.77,auto,C:\Users\dell\Documents\TIC\Codigo_TIC\videos\RESIDENCIA UNIVERSITARIA\C0133_cfr.mp4,True,29.97,1.0,ambas_der,16.17,0.01933,label_studio
C0134_cfr,RESPIRAR,0.367,2.97,2.603,0.597,auto,C:\Users\dell\Documents\TIC\Codigo_TIC\videos\RESPIRAR\C0134_cfr.mp4,True,29.97,1.0,ambas_der,16.2,0.01184,label_studio
C0135_cfr,RESPUESTA+AGENTE,0.734,2.736,2.002,0.736,auto,C:\Users\dell\Documents\TIC\Codigo_TIC\videos\RESPUESTA+AGENTE\C0135_cfr.mp4,True,29.97,1.0,derecha,14.78,0.01956,label_studio
C0136_cfr,RETROALIMENTACIÓN_3,0.601,2.569,1.968,0.808,auto,C:\Users\dell\Documents\TIC\Codigo_TIC\videos\RETROALIMENTACIÓN_3\C0136_cfr.mp4,True,29.97,1.0,ambas_der,12.51,0.01582,label_studio
C0137_cfr,RETROCESO DE MENTE,0.0,3.47,3.47,0.612,auto,C:\Users\dell\Documents\TIC\Codigo_TIC\videos\RETROCESO DE MENTE\C0137_cfr.mp4,True,29.97,1.0,ambas_der,15.09,0.01522,label_studio
C0138_cfr,RETROCESO DE MENTE,0.0,2.703,2.703,0.73,auto,C:\Users\dell\Documents\TIC\Codigo_TIC\videos\RETROCESO DE MENTE\C0138_cfr.mp4,True,29.97,1.0,derecha,16.51,0.01115,label_studio
C0139_cfr,REUNIÓN,0.3,2.469,2.169,0.4,auto,C:\Users\dell\Documents\TIC\Codigo_TIC\videos\REUNIÓN\C0139_cfr.mp4,True,29.97,1.0,ambas_izq,14.63,0.01092,label_studio
C0140_cfr,REUNIÓN,0.534,2.636,2.102,0.518,auto,C:\Users\dell\Documents\TIC\Codigo_TIC\videos\REUNIÓN\C0140_cfr.mp4,True,29.97,1.0,ambas_der,13.98,0.01185,label_studio
C0141_cfr,REUNIÓN,0.1,2.002,1.902,0.44,auto,C:\Users\dell\Documents\TIC\Codigo_TIC\videos\REUNIÓN\C0141_cfr.mp4,True,29.97,1.0,ambas_izq,16.79,0.01091,label_studio
C0142_cfr,REVISTA,0.0,2.97,2.97,0.366,auto,C:\Users\dell\Documents\TIC\Codigo_TIC\videos\REVISTA\C0142_cfr.mp4,True,29.97,1.0,ambas_izq,14.01,0.00977,label_studio
C0143_cfr,REVISTA,0.0,2.636,2.636,0.605,auto,C:\Users\dell\Documents\TIC\Codigo_TIC\videos\REVISTA\C0143_cfr.mp4,True,29.97,1.0,ambas_izq,15.72,0.01269,label_studio
C0144_cfr,REY,0.0,2.903,2.903,0.5,auto,C:\Users\dell\Documents\TIC\Codigo_TIC\videos\REY\C0144_cfr.mp4,True,29.97,1.0,ambas_izq,16.68,0.018,label_studio
C0128_cfr,REÍR,0.467,2.87,2.403,0.862,auto,C:\Users\dell\Documents\TIC\Codigo_TIC\videos\REÍR\C0128_cfr.mp4,True,29.97,1.0,ambas_izq,13.04,0.02081,label_studio
C0147_cfr,ROSTRO,0.467,2.135,1.668,0.814,auto,C:\Users\dell\Documents\TIC\Codigo_TIC\videos\ROSTRO\C0147_cfr.mp4,True,29.97,1.0,derecha,14.04,0.01651,label_studio
C0149_cfr,RUEDA PINCHADA,0.834,3.971,3.137,0.363,auto,C:\Users\dell\Documents\TIC\Codigo_TIC\videos\RUEDA PINCHADA\C0149_cfr.mp4,True,29.97,1.0,ambas_der,16.3,0.00857,label_studio
C0124_cfr,RÁPIDO_3,0.4,2.102,1.702,0.727,auto,C:\Users\dell\Documents\TIC\Codigo_TIC\videos\RÁPIDO_3\C0124_cfr.mp4,True,29.97,1.0,derecha,16.12,0.01176,label_studio
C0125_cfr,RÁPIDO_3,0.167,1.869,1.702,0.75,auto,C:\Users\dell\Documents\TIC\Codigo_TIC\videos\RÁPIDO_3\C0125_cfr.mp4,True,29.97,1.0,derecha,13.52,0.01202,label_studio
C0145_cfr,RÍE FUERTE,0.0,3.036,3.036,0.517,auto,C:\Users\dell\Documents\TIC\Codigo_TIC\videos\RÍE FUERTE\C0145_cfr.mp4,True,29.97,1.0,ambas_der,13.82,0.01141,label_studio
C0146_cfr,RÍE FUERTE,0.067,2.469,2.402,0.362,auto,C:\Users\dell\Documents\TIC\Codigo_TIC\videos\RÍE FUERTE\C0146_cfr.mp4,True,29.97,1.0,derecha,14.07,0.00416,label_studio
C0150_cfr,SABER QUE,0.634,2.536,1.902,0.54,auto,C:\Users\dell\Documents\TIC\Codigo_TIC\videos\SABER QUE\C0150_cfr.mp4,True,29.97,1.0,ambas_izq,14.17,0.01053,label_studio
C0151_cfr,SALA,0.3,2.402,2.102,0.554,auto,C:\Users\dell\Documents\TIC\Codigo_TIC\videos\SALA\C0151_cfr.mp4,True,29.97,1.0,ambas_izq,14.71,0.01883,label_studio
C0152_cfr,SEGUIR,0.334,2.469,2.135,0.377,auto,C:\Users\dell\Documents\TIC\Codigo_TIC\videos\SEGUIR\C0152_cfr.mp4,True,29.97,1.0,ambas_der,16.4,0.00994,label_studio
C0153_cfr,SEGURO,0.133,2.469,2.336,0.508,auto,C:\Users\dell\Documents\TIC\Codigo_TIC\videos\SEGURO\C0153_cfr.mp4,True,29.97,1.0,ambas_izq,15.18,0.01375,label_studio
C0154_cfr,SEGURO,0.0,1.568,1.568,0.659,auto,C:\Users\dell\Documents\TIC\Codigo_TIC\videos\SEGURO\C0154_cfr.mp4,True,29.97,1.0,derecha,15.76,0.00938,label_studio
C0155_cfr,SI,0.968,2.536,1.568,0.575,auto,C:\Users\dell\Documents\TIC\Codigo_TIC\videos\SI\C0155_cfr.mp4,True,29.97,1.0,derecha,14.42,0.01447,label_studio
20250402105335_cfr,SIEMPRE,0.0,1.418,1.418,0.367,auto,C:\Users\dell\Documents\TIC\Codigo_TIC\videos\SIEMPRE\20250402105335_cfr.mp4,True,59.94,1.0,derecha,12.73,0.0059,label_studio
20250402105404_cfr,SIEMPRE,0.0,1.535,1.535,0.517,auto,C:\Users\dell\Documents\TIC\Codigo_TIC\videos\SIEMPRE\20250402105404_cfr.mp4,True,59.94,1.0,derecha,14.19,0.00579,label_studio
20250402105517_cfr,SIEMPRE,0.0,1.485,1.485,0.482,auto,C:\Users\dell\Documents\TIC\Codigo_TIC\videos\SIEMPRE\20250402105517_cfr.mp4,True,59.94,1.0,derecha,16.62,0.00537,label_studio
C0188_cfr,SILENCIAR,0.0,1.935,1.935,0.415,auto,C:\Users\dell\Documents\TIC\Codigo_TIC\videos\SILENCIAR\C0188_cfr.mp4,True,29.97,1.0,derecha,15.68,0.00671,label_studio
C0268_cfr,SISTEMA,0.0,1.869,1.869,0.509,auto,C:\Users\dell\Documents\TIC\Codigo_TIC\videos\SISTEMA\C0268_cfr.mp4,True,29.97,0.982,ambas_der,12.82,0.01884,label_studio
C0190_cfr,SOBRINO,0.0,1.468,1.468,0.568,auto,C:\Users\dell\Documents\TIC\Codigo_TIC\videos\SOBRINO\C0190_cfr.mp4,True,29.97,1.0,derecha,15.92,0.01117,label_studio
C0157_cfr,SUCEDER,0.0,2.302,2.302,0.452,auto,C:\Users\dell\Documents\TIC\Codigo_TIC\videos\SUCEDER\C0157_cfr.mp4,True,29.97,1.0,ambas_der,14.0,0.01437,label_studio
C0158_cfr,SUCEDER,0.0,1.602,1.602,0.667,auto,C:\Users\dell\Documents\TIC\Codigo_TIC\videos\SUCEDER\C0158_cfr.mp4,True,29.97,1.0,ambas_der,15.26,0.01678,label_studio
C0155_cfr,SÍ,1.001,2.536,1.535,0.564,auto,C:\Users\dell\Documents\TIC\Codigo_TIC\videos\SÍ\C0155_cfr.mp4,True,29.97,1.0,derecha,14.42,0.01447,label_studio
20250402105121_cfr,TAMBIÉN,0.0,1.368,1.368,0.605,auto,C:\Users\dell\Documents\TIC\Codigo_TIC\videos\TAMBIÉN\20250402105121_cfr.mp4,True,59.94,1.0,ambas_der,13.7,0.01025,label_studio
20250402105130_cfr,TAMBIÉN,0.0,1.134,1.134,0.6,auto,C:\Users\dell\Documents\TIC\Codigo_TIC\videos\TAMBIÉN\20250402105130_cfr.mp4,True,59.94,1.0,ambas_der,14.57,0.01261,label_studio
20250402105145_cfr,TAMBIÉN,0.0,0.951,0.951,0.5,auto,C:\Users\dell\Documents\TIC\Codigo_TIC\videos\TAMBIÉN\20250402105145_cfr.mp4,True,59.94,1.0,ambas_izq,14.42,0.00938,label_studio
20250402103556_cfr,TARDE_3,0.517,1.969,1.452,0.4,auto,C:\Users\dell\Documents\TIC\Codigo_TIC\videos\TARDE_3\20250402103556_cfr.mp4,True,59.94,1.0,ambas_der,17.77,0.00757,label_studio
C0159_cfr,TAREA,0.067,2.803,2.736,0.573,auto,C:\Users\dell\Documents\TIC\Codigo_TIC\videos\TAREA\C0159_cfr.mp4,True,29.97,1.0,ambas_izq,14.11,0.01432,label_studio
C0160_cfr,TAZA,0.0,2.035,2.035,0.436,auto,C:\Users\dell\Documents\TIC\Codigo_TIC\videos\TAZA\C0160_cfr.mp4,True,29.97,1.0,ambas_der,16.67,0.01728,label_studio
C0264_cfr,TECNOLOGÍA,0.0,1.468,1.468,0.659,auto,C:\Users\dell\Documents\TIC\Codigo_TIC\videos\TECNOLOGÍA\C0264_cfr.mp4,True,29.97,1.0,ambas_der,11.71,0.02058,label_studio
C0265_cfr,TECNOLOGÍA,0.0,1.201,1.201,0.697,auto,C:\Users\dell\Documents\TIC\Codigo_TIC\videos\TECNOLOGÍA\C0265_cfr.mp4,True,29.97,1.0,ambas_der,13.5,0.0142,label_studio
C0161_cfr,TEMA ACTUAL,0.067,2.97,2.903,0.494,auto,C:\Users\dell\Documents\TIC\Codigo_TIC\videos\TEMA ACTUAL\C0161_cfr.mp4,True,29.97,1.0,derecha,14.23,0.01614,label_studio
C0162_cfr,TENEDOR,0.0,1.935,1.935,0.635,auto,C:\Users\dell\Documents\TIC\Codigo_TIC\videos\TENEDOR\C0162_cfr.mp4,True,29.97,1.0,ambas_izq,15.45,0.01739,label_studio
C0253_cfr,TIEMPO-CUATRO,0.0,2.135,2.135,0.5,auto,C:\Users\dell\Documents\TIC\Codigo_TIC\videos\TIEMPO-CUATRO\C0253_cfr.mp4,True,29.97,1.0,derecha,13.56,0.01138,label_studio
C0251_cfr,TIEMPO-DOS,0.0,1.568,1.568,0.5,auto,C:\Users\dell\Documents\TIC\Codigo_TIC\videos\TIEMPO-DOS\C0251_cfr.mp4,True,29.97,1.0,ambas_der,13.41,0.0126,label_studio
C0227_cfr,TIO,0.0,1.368,1.368,0.658,auto,C:\Users\dell\Documents\TIC\Codigo_TIC\videos\TIO\C0227_cfr.mp4,True,29.97,1.0,derecha,12.77,0.00702,label_studio
C0229_cfr,TIPO,0.0,1.435,1.435,0.65,auto,C:\Users\dell\Documents\TIC\Codigo_TIC\videos\TIPO\C0229_cfr.mp4,True,29.97,1.0,derecha,13.19,0.01438,label_studio
C0164_cfr,TODO EL DIA,0.033,2.769,2.736,0.827,auto,C:\Users\dell\Documents\TIC\Codigo_TIC\videos\TODO EL DIA\C0164_cfr.mp4,True,29.97,1.0,ambas_der,13.8,0.02347,label_studio
20250402120405_cfr,TODOS LOS AÑOS-HS,0.0,1.969,1.969,0.327,auto,C:\Users\dell\Documents\TIC\Codigo_TIC\videos\TODOS LOS AÑOS-HS\20250402120405_cfr.mp4,True,59.94,1.0,derecha,13.53,0.00666,label_studio
C0165_cfr,TODOS+UNO,0.133,2.469,2.336,0.714,auto,C:\Users\dell\Documents\TIC\Codigo_TIC\videos\TODOS+UNO\C0165_cfr.mp4,True,29.97,1.0,derecha,13.02,0.01347,label_studio
C0271_cfr,TOMAR NOTAS,0.0,1.735,1.735,0.571,auto,C:\Users\dell\Documents\TIC\Codigo_TIC\videos\TOMAR NOTAS\C0271_cfr.mp4,True,29.97,1.0,ambas_der,14.65,0.01168,label_studio
C0249_cfr,TORTURA,0.868,2.903,2.035,0.907,auto,C:\Users\dell\Documents\TIC\Codigo_TIC\videos\TORTURA\C0249_cfr.mp4,True,29.97,1.0,derecha,11.43,0.02081,label_studio
C0248_cfr,TOTAL,0.0,1.301,1.301,0.583,auto,C:\Users\dell\Documents\TIC\Codigo_TIC\videos\TOTAL\C0248_cfr.mp4,True,29.97,1.0,izquierda,13.31,0.0116,label_studio
C0197_cfr,TRABAJAR,0.0,1.435,1.435,0.55,auto,C:\Users\dell\Documents\TIC\Codigo_TIC\videos\TRABAJAR\C0197_cfr.mp4,True,29.97,1.0,ambas_der,13.19,0.01031,label_studio
C0243_cfr,TRADICIÓN,0.0,1.969,1.969,0.804,auto,C:\Users\dell\Documents\TIC\Codigo_TIC\videos\TRADICIÓN\C0243_cfr.mp4,True,29.97,1.0,ambas_der,12.51,0.02281,label_studio
C0244_cfr,TRADICIÓN,0.0,1.401,1.401,0.744,auto,C:\Users\dell\Documents\TIC\Codigo_TIC\videos\TRADICIÓN\C0244_cfr.mp4,True,29.97,1.0,ambas_izq,12.62,0.01756,label_studio
C0245_cfr,TRADICIÓN,0.0,1.301,1.301,0.944,auto,C:\Users\dell\Documents\TIC\Codigo_TIC\videos\TRADICIÓN\C0245_cfr.mp4,True,29.97,1.0,ambas_der,11.91,0.01781,label_studio
C0241_cfr,TRANSFERIR,0.0,1.235,1.235,0.794,auto,C:\Users\dell\Documents\TIC\Codigo_TIC\videos\TRANSFERIR\C0241_cfr.mp4,True,29.97,1.0,ambas_izq,12.32,0.01614,label_studio
C0246_cfr,TRAZAR RUTA,0.0,1.902,1.902,0.574,auto,C:\Users\dell\Documents\TIC\Codigo_TIC\videos\TRAZAR RUTA\C0246_cfr.mp4,True,29.97,1.0,derecha,10.65,0.0149,label_studio
C0242_cfr,TREN,0.0,1.435,1.435,0.525,auto,C:\Users\dell\Documents\TIC\Codigo_TIC\videos\TREN\C0242_cfr.mp4,True,29.97,1.0,ambas_izq,14.3,0.01003,label_studio
C0239_cfr,TRÁFICO_2,0.0,1.835,1.835,0.592,auto,C:\Users\dell\Documents\TIC\Codigo_TIC\videos\TRÁFICO_2\C0239_cfr.mp4,True,29.97,1.0,ambas_der,14.74,0.01806,label_studio
C0207_cfr,TUBERÍA,0.0,1.468,1.468,0.578,auto,C:\Users\dell\Documents\TIC\Codigo_TIC\videos\TUBERÍA\C0207_cfr.mp4,True,29.97,1.0,izquierda,17.12,0.01316,label_studio
C0163_cfr,TÍA,0.0,1.702,1.702,0.583,auto,C:\Users\dell\Documents\TIC\Codigo_TIC\videos\TÍA\C0163_cfr.mp4,True,29.97,1.0,derecha,14.12,0.00988,label_studio
C0166_cfr,UN POCO,1.702,2.302,0.6,1.0,auto,C:\Users\dell\Documents\TIC\Codigo_TIC\videos\UN POCO\C0166_cfr.mp4,True,29.97,1.0,ambas_izq,23.93,0.0209,label_studio
C0168_cfr,UN POCO,1.034,1.802,0.768,1.0,auto,C:\Users\dell\Documents\TIC\Codigo_TIC\videos\UN POCO\C0168_cfr.mp4,True,29.97,1.0,izquierda,23.16,0.02084,label_studio
C0169_cfr,UNIRSE,1.101,1.768,0.667,1.0,auto,C:\Users\dell\Documents\TIC\Codigo_TIC\videos\UNIRSE\C0169_cfr.mp4,True,29.97,1.0,ambas_der,24.65,0.01611,label_studio
C0170_cfr,UNIRSE,0.2,1.969,1.769,0.553,auto,C:\Users\dell\Documents\TIC\Codigo_TIC\videos\UNIRSE\C0170_cfr.mp4,True,29.97,1.0,derecha,24.21,0.00884,label_studio
C0223_cfr,USAR,0.0,1.468,1.468,0.641,auto,C:\Users\dell\Documents\TIC\Codigo_TIC\videos\USAR\C0223_cfr.mp4,True,29.97,1.0,ambas_izq,13.45,0.01684,label_studio
C0222_cfr,UTILIZAR LENGUAJE DE SEÑAS,0.234,2.703,2.469,0.642,auto,C:\Users\dell\Documents\TIC\Codigo_TIC\videos\UTILIZAR LENGUAJE DE SEÑAS\C0222_cfr.mp4,True,29.97,1.0,ambas_der,14.4,0.01644,label_studio
C0171_cfr,VACA,0.0,2.436,2.436,0.486,auto,C:\Users\dell\Documents\TIC\Codigo_TIC\videos\VACA\C0171_cfr.mp4,True,29.97,1.0,ambas_izq,24.4,0.01676,label_studio
C0172_cfr,VACÍO DE AHORA EN ADELANTE,0.067,2.302,2.235,0.633,auto,C:\Users\dell\Documents\TIC\Codigo_TIC\videos\VACÍO DE AHORA EN ADELANTE\C0172_cfr.mp4,True,29.97,1.0,derecha,25.13,0.01223,label_studio
C0173_cfr,VAMOS,0.133,0.901,0.768,1.0,auto,C:\Users\dell\Documents\TIC\Codigo_TIC\videos\VAMOS\C0173_cfr.mp4,True,29.97,1.0,derecha,20.98,0.04843,label_studio
C0174_cfr,VAMOS,0.133,1.869,1.736,0.622,auto,C:\Users\dell\Documents\TIC\Codigo_TIC\videos\VAMOS\C0174_cfr.mp4,True,29.97,1.0,derecha,21.55,0.01852,label_studio
C0221_cfr,VARIAR,0.267,2.102,1.835,0.792,auto,C:\Users\dell\Documents\TIC\Codigo_TIC\videos\VARIAR\C0221_cfr.mp4,True,29.97,1.0,ambas_izq,15.06,0.0207,label_studio
C0235_cfr,VEINTE,0.067,0.701,0.634,1.0,auto,C:\Users\dell\Documents\TIC\Codigo_TIC\videos\VEINTE\C0235_cfr.mp4,True,29.97,1.0,derecha,15.29,0.01215,label_studio
C0233_cfr,VEINTICINCO,0.0,1.201,1.201,0.545,auto,C:\Users\dell\Documents\TIC\Codigo_TIC\videos\VEINTICINCO\C0233_cfr.mp4,True,29.97,1.0,derecha,14.19,0.00812,label_studio
C0234_cfr,VEINTIOCHO,0.0,1.468,1.468,0.422,auto,C:\Users\dell\Documents\TIC\Codigo_TIC\videos\VEINTIOCHO\C0234_cfr.mp4,True,29.97,1.0,derecha,13.83,0.00606,label_studio
20250402104005_cfr,VEINTIUNO AÑOS,0.217,2.252,2.035,0.374,auto,C:\Users\dell\Documents\TIC\Codigo_TIC\videos\VEINTIUNO AÑOS\20250402104005_cfr.mp4,True,59.94,1.0,ambas_der,17.22,0.00668,label_studio
C0175_cfr,VENDA,0.0,2.603,2.603,0.667,auto,C:\Users\dell\Documents\TIC\Codigo_TIC\videos\VENDA\C0175_cfr.mp4,True,29.97,1.0,derecha,15.3,0.0109,label_studio
C0176_cfr,VENIR,0.0,1.401,1.401,0.816,auto,C:\Users\dell\Documents\TIC\Codigo_TIC\videos\VENIR\C0176_cfr.mp4,True,29.97,1.0,derecha,17.05,0.01079,label_studio
C0200_cfr,VENTANA,0.0,1.802,1.802,0.647,auto,C:\Users\dell\Documents\TIC\Codigo_TIC\videos\VENTANA\C0200_cfr.mp4,True,29.97,1.0,derecha,16.54,0.01508,label_studio
C0208_cfr,VER LA TELEVISIÓN,0.0,2.369,2.369,0.418,auto,C:\Users\dell\Documents\TIC\Codigo_TIC\videos\VER LA TELEVISIÓN\C0208_cfr.mp4,True,29.97,1.0,derecha,18.29,0.00863,label_studio
C0240_cfr,VIAJE,0.1,1.068,0.968,0.909,auto,C:\Users\dell\Documents\TIC\Codigo_TIC\videos\VIAJE\C0240_cfr.mp4,True,29.97,1.0,derecha,13.71,0.01287,label_studio
C0217_cfr,VISUALIZAR,0.0,1.702,1.702,0.479,auto,C:\Users\dell\Documents\TIC\Codigo_TIC\videos\VISUALIZAR\C0217_cfr.mp4,True,29.97,1.0,ambas_izq,12.51,0.0137,label_studio
C0177_cfr,VIVIR,0.0,1.435,1.435,0.625,auto,C:\Users\dell\Documents\TIC\Codigo_TIC\videos\VIVIR\C0177_cfr.mp4,True,29.97,1.0,ambas_der,17.62,0.01326,label_studio
C0184_cfr,ZOOM,0.0,1.468,1.468,0.689,auto,C:\Users\dell\Documents\TIC\Codigo_TIC\videos\ZOOM\C0184_cfr.mp4,True,29.97,1.0,derecha,16.07,0.01459,label_studio
C0070_cfr,ENCENDIDO,0.0,1.967,1.967,1.0,auto,C:\Users\dell\Documents\TIC\Codigo_TIC\videos\ENCENDIDO\C0070_cfr.mp4,True,30.0,1.0,ambas_izq,24.08,0.01393,label_studio
C0071_cfr,ENCENDIDO,0.0,1.967,1.967,1.0,auto,C:\Users\dell\Documents\TIC\Codigo_TIC\videos\ENCENDIDO\C0071_cfr.mp4,True,30.0,1.0,derecha,20.61,0.0084,label_studio
C0072_cfr,ENCENDIDO,0.0,1.467,1.467,1.0,auto,C:\Users\dell\Documents\TIC\Codigo_TIC\videos\ENCENDIDO\C0072_cfr.mp4,True,30.0,1.0,ambas_izq,26.81,0.01407,label_studio
C0421_cfr,ENCENDIDO,0.0,1.467,1.467,0.773,auto,C:\Users\dell\Documents\TIC\Codigo_TIC\videos\ENCENDIDO\C0421_cfr.mp4,True,30.0,1.0,derecha,18.46,0.01058,label_studio
C0422_cfr,ENCENDIDO,0.0,0.967,0.967,0.82,auto,C:\Users\dell\Documents\TIC\Codigo_TIC\videos\ENCENDIDO\C0422_cfr.mp4,True,30.0,1.0,derecha,17.25,0.00773,label_studio
C0423_cfr,ENCENDIDO,0.0,0.967,0.967,0.98,auto,C:\Users\dell\Documents\TIC\Codigo_TIC\videos\ENCENDIDO\C0423_cfr.mp4,True,30.0,1.0,ambas_der,21.32,0.02147,label_studio
C0424_cfr,ENCENDIDO,0.0,1.433,1.433,0.953,auto,C:\Users\dell\Documents\TIC\Codigo_TIC\videos\ENCENDIDO\C0424_cfr.mp4,True,30.0,1.0,ambas_izq,16.71,0.00939,label_studio
20250407114253_cfr,ABAJO_2,1.535,2.986,1.451,1.0,,,,,,derecha,,,cvat
20250407114304_cfr,ABAJO_2,0.45,1.985,1.535,1.0,,,,,,derecha,,,cvat
20250407114411_cfr,ABAJO_2,0.717,2.92,2.203,1.0,,,,,,ambas,,,cvat
20250407114433_cfr,ABAJO_2,0.701,2.553,1.852,1.0,,,,,,ambas,,,cvat
20250402100954_cfr,ACCIDENTE,0.0,1.618,1.618,1.0,,,,,,derecha,,,cvat
20250402101030_cfr,ACCIDENTE,0.0,1.368,1.368,1.0,,,,,,derecha,,,cvat
20250402101047_cfr,ACCIDENTE,0.0,1.185,1.185,1.0,,,,,,derecha,,,cvat
20250402101151_cfr,ACCIDENTE,0.0,1.351,1.351,1.0,,,,,,derecha,,,cvat
C0322_cfr,ACOMODAR,0.484,1.485,1.001,1.0,,,,,,ambas,,,cvat
C0324_cfr,ACOMODAR,0.2,1.235,1.035,1.0,,,,,,ambas,,,cvat
C0325_cfr,ACOMODAR,0.167,1.235,1.068,1.0,,,,,,ambas,,,cvat
C0326_cfr,ACOMODAR,0.05,1.235,1.185,1.0,,,,,,ambas,,,cvat
C0330_cfr,"AH,CLARO",0.0,0.734,0.734,1.0,,,,,,ambas,,,cvat
C0331_cfr,"AH,CLARO",0.017,0.734,0.717,1.0,,,,,,ambas,,,cvat
C0332_cfr,"AH,CLARO",0.0,0.918,0.918,1.0,,,,,,ambas,,,cvat
C0333_cfr,"AH,CLARO",0.0,0.868,0.868,1.0,,,,,,ambas,,,cvat
C0334_cfr,"AH,CLARO",0.0,0.667,0.667,1.0,,,,,,ambas,,,cvat
C0335_cfr,"AH,CLARO",0.0,0.617,0.617,1.0,,,,,,ambas,,,cvat
C0336_cfr,"AH,CLARO",0.0,0.734,0.734,1.0,,,,,,derecha,,,cvat
C0337_cfr,"AH,CLARO",0.0,0.951,0.951,1.0,,,,,,ambas,,,cvat
C0343_cfr,ALGUNO,0.0,0.734,0.734,1.0,,,,,,ambas,,,cvat
C0352_cfr,APROBAR,0.0,0.734,0.734,1.0,,,,,,derecha,,,cvat
00063_cfr,AUDIENCIA,0.15,1.585,1.435,1.0,,,,,,ambas,,,cvat
00067_cfr,AUDIOLOGÍA+AGENTE,0.0,1.985,1.985,1.0,,,,,,ambas,,,cvat
00078 (1)_cfr,AVERGONZAR,0.117,1.218,1.101,1.0,,,,,,derecha,,,cvat
C0354_cfr,AVISO,0.0,0.484,0.484,1.0,,,,,,derecha,,,cvat
00085_cfr,BALONCESTO,0.0,1.485,1.485,1.0,,,,,,ambas,,,cvat
00111_cfr,BORRAR,0.3,1.485,1.185,1.0,,,,,,derecha,,,cvat
00113_cfr,BOTE,0.0,2.486,2.486,1.0,,,,,,ambas,,,cvat
00195_cfr,CORRECTO,0.0,1.418,1.418,1.0,,,,,,ambas,,,cvat
00198_cfr,CRECER,0.0,1.485,1.485,1.0,,,,,,derecha,,,cvat
20250402115613_cfr,CUALQUIER,0.0,1.001,1.001,1.0,,,,,,ambas,,,cvat
00211_cfr,CUATRO DÓLARES,0.0,0.984,0.984,1.0,,,,,,derecha,,,cvat
00224_cfr,CULTURA,0.0,1.401,1.401,1.0,,,,,,ambas,,,cvat
C0013_cfr,DEJAR,0.0,0.617,0.617,1.0,,,,,,ambas,,,cvat
C0097_cfr,DIRECTO,0.033,1.485,1.452,1.0,,,,,,ambas,,,cvat
C0415_cfr,EL AÑO PASADO,0.0,0.901,0.901,1.0,,,,,,ambas,,,cvat
C0058_cfr,ELEGANTE,0.0,0.584,0.584,1.0,,,,,,derecha,,,cvat
C0070_cfr,ENCENDIDO,0.0,0.984,0.984,1.0,,,,,,ambas,,,cvat
20250402115456_cfr,ENOJADO,0.05,1.268,1.218,1.0,,,,,,derecha,,,cvat
C0091_cfr,ESCUCHAR,0.067,0.984,0.917,1.0,,,,,,derecha,,,cvat
C0006_cfr,ESCUCHAR+(1h)RUMBLE,0.0,0.734,0.734,1.0,,,,,,ambas,,,cvat
C0038_cfr,FAMOSO,0.0,0.734,0.734,1.0,,,,,,derecha,,,cvat
fuegos_C0059_cfr,FUEGOS ARTIFICIALES,0.0,0.734,0.734,1.0,,,,,,ambas,,,cvat
fosforo_C0053_cfr,FÓSFORO,0.0,0.751,0.751,1.0,,,,,,ambas,,,cvat
C0106_cfr,GUITARRA,0.0,0.734,0.734,1.0,,,,,,ambas,,,cvat
C0124_cfr,HIJA,0.15,1.068,0.918,1.0,,,,,,derecha,,,cvat
C0034_cfr,JEFE,0.0,0.717,0.717,1.0,,,,,,derecha,,,cvat
C0153_cfr,MOTIVAR,0.0,1.485,1.485,1.0,,,,,,derecha,,,cvat
C0158_cfr,MUDARSE,0.0,1.385,1.385,1.0,,,,,,ambas,,,cvat
C0230_cfr,PASTEL,0.0,2.486,2.486,1.0,,,,,,ambas,,,cvat
20250407114433_cfr,ABAJO_2,1.29,2.133,0.843,1.0,,,,,,ambas,,,elan
20250402101151_cfr,ACCIDENTE,0.283,0.934,0.651,1.0,,,,,,derecha,,,elan
C0322_cfr,ACOMODAR,1.611,2.469,0.858,1.0,,,,,,ambas,,,elan
C0331_cfr,"AH,CLARO",0.367,1.303,0.936,1.0,,,,,,ambas,,,elan
C0343_cfr,ALGUNO,0.296,1.306,1.01,1.0,,,,,,ambas,,,elan
C0352_cfr,APROBAR,0.0,1.301,1.301,1.0,,,,,,derecha,,,elan
00063_cfr,AUDIENCIA,0.5,1.196,0.696,1.0,,,,,,ambas,,,elan
00067_cfr,AUDIOLOGÍA+AGENTE,0.346,1.8,1.454,1.0,,,,,,ambas,,,elan
00078 (1)_cfr,AVERGONZAR,0.453,1.12,0.667,1.0,,,,,,derecha,,,elan
C0354_cfr,AVISO,0.02,0.805,0.785,1.0,,,,,,derecha,,,elan
00085_cfr,BALONCESTO,0.2,1.155,0.955,1.0,,,,,,derecha,,,elan
00111_cfr,BORRAR,0.466,1.267,0.801,1.0,,,,,,derecha,,,elan
00113_cfr,BOTE,0.346,1.863,1.517,1.0,,,,,,ambas,,,elan
00195_cfr,CORRECTO,0.096,1.143,1.047,1.0,,,,,,ambas,,,elan
00198_cfr,CRECER,0.483,1.254,0.771,1.0,,,,,,derecha,,,elan
20250402115613_cfr,CUALQUIER,0.15,0.619,0.469,1.0,,,,,,ambas,,,elan
00211_cfr,CUATRO DÓLARES,0.25,0.811,0.561,1.0,,,,,,derecha,,,elan
00224_cfr,CULTURA,0.256,1.027,0.771,1.0,,,,,,ambas,,,elan
C0013_cfr,DEJAR,0.0,0.9,0.9,1.0,,,,,,ambas,,,elan
C0097_cfr,DIRECTO,0.256,1.301,1.045,1.0,,,,,,ambas,,,elan
C0415_cfr,EL AÑO PASADO,0.0,1.44,1.44,1.0,,,,,,derecha,,,elan
C0058_cfr,ELEGANTE,0.0,0.769,0.769,1.0,,,,,,derecha,,,elan
C0070_cfr,ENCENDIDO,0.2,1.699,1.499,1.0,,,,,,ambas,,,elan
20250402115456_cfr,ENOJADO,0.25,0.967,0.717,1.0,,,,,,derecha,,,elan
C0006_cfr,ESCUCHAR+(1h)RUMBLE,0.0,1.473,1.473,1.0,,,,,,ambas,,,elan
C0091_cfr,ESCUCHAR,0.49,1.818,1.328,1.0,,,,,,derecha,,,elan
C0038_cfr,FAMOSO,0.0,1.312,1.312,1.0,,,,,,derecha,,,elan
fuegos_C0059_cfr,FUEGOS ARTIFICIALES,0.0,1.04,1.04,1.0,,,,,,ambas,,,elan
fosforo_C0053_cfr,FÓSFORO,0.0,0.933,0.933,1.0,,,,,,ambas,,,elan
C0106_cfr,GUITARRA,0.146,1.307,1.161,1.0,,,,,,ambas,,,elan
C0124_cfr,HIJA,0.651,1.743,1.092,1.0,,,,,,derecha,,,elan
C0034_cfr,JEFE,0.0,0.905,0.905,1.0,,,,,,derecha,,,elan
C0153_cfr,MOTIVAR,0.283,1.308,1.025,1.0,,,,,,ambas,,,elan
C0158_cfr,MUDARSE,0.0,0.835,0.835,1.0,,,,,,ambas,,,elan
C0230_cfr,PASTEL,0.483,2.006,1.523,1.0,,,,,,derecha,,,elan
